complex,run_folder,n_models,top1_model_idx,oracle_model_idx,top1_total_dockq,top1_ab_ag_dockq,top1_AB_DockQ,top1_AB_iRMSD,top1_AB_LRMSD,top1_AB_fnat,top1_AB_F1,top1_AB_fnonnat,top1_AB_clashes,top1_AC_DockQ,top1_AC_iRMSD,top1_AC_LRMSD,top1_AC_fnat,top1_AC_F1,top1_AC_fnonnat,top1_AC_clashes,top1_BC_DockQ,top1_BC_iRMSD,top1_BC_LRMSD,top1_BC_fnat,top1_BC_F1,top1_BC_fnonnat,top1_BC_clashes,oracle_total_dockq,oracle_ab_ag_dockq,avg_total_dockq,avg_ab_ag_dockq,cdr_framework_rmsd,cdr_cdr1_h,cdr_cdr2_h,cdr_cdr3_h,cdr_cdr1_l,cdr_cdr2_l,cdr_cdr3_l,epitope_precision_5A,epitope_recall_5A,epitope_f1_5A,epitope_mcc_5A,n_true_epitope_5A,n_pred_epitope_5A,epitope_precision_8A,epitope_recall_8A,epitope_f1_8A,epitope_mcc_8A,n_true_epitope_8A,n_pred_epitope_8A,conf_confidence_score,conf_iptm,conf_ptm,conf_complex_plddt,conf_complex_iplddt,method
7TRH_HBG,boltz_results_7TRH_HBG,5,0,3,0.5249432879342334,0.48702181284197477,0.4324805687739995,2.222427237605518,7.167004222321498,0.4,0.38461538461538464,0.6296296296296297,0,0.54156305690995,1.552476720624999,7.282915082358541,0.5652173913043478,0.6341463414634146,0.2777777777777778,0,0.6007862381187508,1.6900534844286474,1.2128753281406197,0.3816793893129771,0.5050505050505051,0.2537313432835821,0,0.6462348011378426,0.6205878944163834,0.48795098547614435,0.4249731343924491,0.675089869743171,1.1816898179308928,1.2708763871245001,3.853683966150105,0.9909603657189001,1.0415229648342026,1.8043809837960998,0.5,0.5172413793103449,0.5084745762711865,0.42999306909152973,29,30,0.3888888888888889,0.3333333333333333,0.358974358974359,0.29618661785600464,21,18,0.9253843426704407,0.9017942547798157,0.9229713082313538,0.9312818646430969,0.9037638306617737,baseline
7TRH_HBG,boltz_results_restraint_7TRH_HBG_salt_bridge_3,5,0,0,0.6702756786075383,0.6780539716902687,0.649165847100027,1.3493422579999625,3.781632808959425,0.56,0.5656565656565656,0.42857142857142855,0,0.7069420962805104,1.218773506385909,4.522742934341136,0.7391304347826086,0.8292682926829268,0.05555555555555555,0,0.6547190924420775,1.2165652203308885,1.64263354459395,0.3969465648854962,0.5306122448979592,0.2,0,0.6702756786075383,0.6780539716902687,0.5295367312187728,0.479707487436016,0.6768554002462698,1.1613730031037943,1.4029056214709685,2.3061416174306513,0.7393264715706152,0.960931670875901,1.8641807262875612,0.48148148148148145,0.4482758620689655,0.4642857142857143,0.3840831419017047,29,27,0.29411764705882354,0.23809523809523808,0.2631578947368421,0.19352793126688042,21,17,0.9254636764526367,0.9097099900245667,0.9290243983268738,0.9294021129608154,0.8957842588424683,contact_restraints
7TRH_HBG,boltz_results_restraint_to_A_7TRH_HBG_B_W_109,5,0,4,0.5300094065181088,0.4933676155219654,0.43775389683525284,2.2027774370442486,6.991523401845443,0.4,0.39215686274509803,0.6153846153846154,1,0.5489813342086779,1.5280198865903296,7.071399716392621,0.5652173913043478,0.6341463414634146,0.2777777777777778,0,0.6032929885103956,1.6908006010891534,1.209630147925783,0.3893129770992366,0.5125628140703518,0.25,0,0.563755816375252,0.5478706378985203,0.46455461413212057,0.3965870230132721,0.6742563771462969,1.174983214423449,1.2563479733933782,3.858597562591826,0.9847074752532363,1.032622022046428,1.8055371721036757,0.5,0.4827586206896552,0.49122807017543857,0.4131733325709657,29,28,0.3684210526315789,0.3333333333333333,0.35,0.28360591497884824,21,19,0.9257488250732422,0.8988826870918274,0.9207563400268555,0.9324653744697571,0.9048908948898315,pocket_guided
7TRH_HBG,boltz_results_restraint_7TRH_HBG_hbond_20,5,0,0,0.7051830731116621,0.7286029233850253,0.6426541379932094,1.2772813288130416,4.4051154804841905,0.56,0.6363636363636364,0.2631578947368421,0,0.8145517087768414,1.1066831090955715,2.3930170377399054,0.8695652173913043,0.8695652173913043,0.13043478260869565,0,0.6583433725649356,1.2003461922067065,1.8834829339055783,0.4122137404580153,0.5454545454545454,0.19402985074626866,0,0.7051830731116621,0.7286029233850253,0.5003477731743986,0.4398253591891127,0.7318521884472445,1.157331090810091,1.3655444742863165,2.1159581136998753,0.6701353129468182,1.0427414669917767,2.0593278050357573,0.5185185185185185,0.4827586206896552,0.5,0.4252005968126426,29,27,0.35294117647058826,0.2857142857142857,0.31578947368421056,0.2516134534143032,21,17,0.9229789972305298,0.9153438806533813,0.9333123564720154,0.9248877763748169,0.8917518258094788,y_early_b2
7TRI_ZYB,boltz_results_7TRI_ZYB,5,0,0,0.2509013676487601,0.06318543387620339,0.09784189182813845,9.245007664673773,21.35813405044715,0.13114754098360656,0.14414414414414414,0.84,0,0.028528975924268327,10.098527141714335,32.50622105734909,0.0,0.0,1.0,0,0.6263332351938735,1.2332961336499055,1.3222293582466504,0.30597014925373134,0.422680412371134,0.31666666666666665,1,0.2509013676487601,0.06318543387620339,0.24514639251449047,0.06873252008240974,0.9195400824632154,1.8401371747244828,1.9371541505276033,2.7163980587310728,0.9093150240105934,0.7912106578681309,0.4688752403403092,0.8260869565217391,0.6785714285714286,0.7450980392156864,0.7232443936992847,28,23,0.6842105263157895,0.6190476190476191,0.6500000000000001,0.6232050293949172,21,19,0.8853591084480286,0.6651509404182434,0.779352605342865,0.9404110908508301,0.9081820249557495,baseline
7TRI_ZYB,boltz_results_restraint_7TRI_ZYB_salt_bridge_5,5,0,1,0.525015134946703,0.489324115196633,0.3749554153940135,2.2712106671639325,8.06770480692948,0.29508196721311475,0.3050847457627119,0.6842105263157895,0,0.6036928149992525,1.4366538067378918,6.614292290219766,0.6666666666666666,0.7058823529411765,0.25,0,0.5963971744468431,1.3875607506208296,1.7515601018621128,0.291044776119403,0.39593908629441626,0.38095238095238093,0,0.571612932390204,0.5578626940105781,0.5231034564271676,0.48994277417559695,1.1260331647625594,1.323835893907995,2.8446389223607653,3.26770725079057,1.4269463660064698,1.2029896870700951,0.5446971546749461,0.8888888888888888,0.8571428571428571,0.8727272727272727,0.8585932489206026,28,27,0.8947368421052632,0.8095238095238095,0.8500000000000001,0.8393500953756854,21,19,0.9223120808601379,0.8447940945625305,0.8979135155677795,0.941691517829895,0.9073925614356995,contact_restraints
7TRI_ZYB,boltz_results_restraint_to_A_7TRI_ZYB_B_V_101,5,0,2,0.24144527612507746,0.06589956311045903,0.10740300131271639,8.985704724967144,19.194562660004564,0.13114754098360656,0.1415929203539823,0.8461538461538461,0,0.02439612490820166,10.266439855955692,36.187561609912684,0.0,0.0,1.0,0,0.5925367021543143,1.455908914267913,1.451849661238438,0.291044776119403,0.41935483870967744,0.25,1,0.24967669862725775,0.06608820010550578,0.24609883434978866,0.0658497671056084,1.0143702380327593,1.3177438340025314,2.0949735183058875,3.4144608850771645,1.10555063087096,1.0423461032292602,0.8064069470242977,0.8461538461538461,0.7857142857142857,0.8148148148148148,0.7951099718314598,28,26,0.7727272727272727,0.8095238095238095,0.7906976744186046,0.772990618395878,21,22,0.910914421081543,0.7650672793388367,0.8586943745613098,0.9473761916160583,0.9232997298240662,pocket_guided
7TRI_ZYB,boltz_results_restraint_7TRI_ZYB_salt_bridge_5,5,0,0,0.6035327840394294,0.6206126504455222,0.4958181498977193,2.2227815678073206,2.89799535629713,0.2786885245901639,0.2982456140350877,0.6792452830188679,0,0.745407150993325,1.2352139186059352,1.3983994771606014,0.6666666666666666,0.631578947368421,0.4,0,0.5693730512272442,1.594408531038446,1.6782236466917995,0.27611940298507465,0.38144329896907214,0.38333333333333336,0,0.6035327840394294,0.6206126504455222,0.5485121770430509,0.5416626922320076,1.051793481505168,1.5454241495068717,1.9694949910131567,4.1751812171154645,1.1887992671523588,1.1136953712805968,0.6685456611699867,0.8620689655172413,0.8928571428571429,0.8771929824561403,0.8629899280207385,28,29,0.9047619047619048,0.9047619047619048,0.9047619047619048,0.8967937772718649,21,21,0.9220544099807739,0.8492593765258789,0.9023542404174805,0.9402531385421753,0.9025668501853943,y_early_b2
7WT9_HAE,boltz_results_7WT9_HAE,5,0,3,0.6162449062536831,0.621573223249897,0.6527261694382821,2.0813692719283696,2.352659976259216,0.6875,0.5689655172413793,0.5147058823529411,0,0.5904202770615118,1.5293357600048623,2.245014279917245,0.34615384615384615,0.4186046511627907,0.47058823529411764,0,0.6055882722612553,1.9680102201992757,1.9643247992878228,0.5,0.5641025641025641,0.35294117647058826,0,0.6229418951616669,0.6268017676131683,0.6126856036320089,0.610104106012644,1.2753767045725752,1.5740391572191006,1.366901061237111,4.89990793994971,1.0243413297272101,1.504057496115317,0.9512164485915654,0.9259259259259259,0.7352941176470589,0.819672131147541,0.7951892541139047,34,27,0.7619047619047619,0.6956521739130435,0.7272727272727272,0.6947360140383192,23,21,0.9194880723953247,0.7910557389259338,0.8454940915107727,0.9515961408615112,0.9498713612556458,baseline
7WT9_HAE,boltz_results_restraint_7WT9_HAE_salt_bridge_1,5,0,3,0.6197105395329644,0.6237806085651204,0.6553771530639964,2.0634907623491854,2.279569731105585,0.6875,0.5641025641025641,0.5217391304347826,0,0.5921840640662445,1.5224303335374785,2.1887059308945656,0.34615384615384615,0.4090909090909091,0.5,0,0.6115704014686525,1.9582950964438732,1.9542770222517558,0.5151515151515151,0.5666666666666667,0.37037037037037035,0,0.6246377387841792,0.6265880592951805,0.6148399765472937,0.6116751706226465,1.2756077319133179,1.6123268279599037,1.411049882038368,4.864377751052523,1.0125950626607474,1.5030776797537078,0.9505900741294123,0.9259259259259259,0.7352941176470589,0.819672131147541,0.7951892541139047,34,27,0.7619047619047619,0.6956521739130435,0.7272727272727272,0.6947360140383192,23,21,0.9344486594200134,0.8619239330291748,0.8971187472343445,0.9525797963142395,0.9501541256904602,contact_restraints
7WT9_HAE,boltz_results_restraint_to_A_7WT9_HAE_B_Y_32,5,0,2,0.6180061369492611,0.6214314600619664,0.6533036593283214,2.0761862364392805,2.3417911460177514,0.6875,0.5641025641025641,0.5217391304347826,0,0.5895592607956114,1.5363594702994077,2.2504060087768294,0.34615384615384615,0.42857142857142855,0.4375,0,0.6111554907238507,1.963637809142507,1.9537808843237676,0.5151515151515151,0.576271186440678,0.34615384615384615,0,0.624409871777901,0.6268832834917544,0.6125089878259279,0.6094432863337195,1.275318836413875,1.579480191253343,1.3765688884651517,4.88371853071747,1.023874431494181,1.5031281634323876,0.9486781075883395,0.9259259259259259,0.7352941176470589,0.819672131147541,0.7951892541139047,34,27,0.7619047619047619,0.6956521739130435,0.7272727272727272,0.6947360140383192,23,21,0.9258968234062195,0.8198208212852478,0.8663493394851685,0.9524158835411072,0.9503205418586731,pocket_guided
7WT9_HAE,boltz_results_restraint_7WT9_HAE_hbond_55,5,0,0,0.6391178965026449,0.6352483619310463,0.652502561896675,1.981563213338156,2.0029182157287337,0.6458333333333334,0.5391304347826087,0.5373134328358209,0,0.6179941619654175,1.304972583288745,2.1733755533361263,0.34615384615384615,0.4186046511627907,0.47058823529411764,0,0.6468569656458423,1.8473851809906792,1.5582400996913726,0.5757575757575758,0.59375,0.3870967741935484,0,0.6391178965026449,0.6352483619310463,0.6205670206643724,0.6159713224834938,1.281258368569037,1.5666360044201533,1.2885881587080714,4.590413294474212,0.8558541371292372,1.4196960418927886,0.9709420637257246,0.9259259259259259,0.7352941176470589,0.819672131147541,0.7951892541139047,34,27,0.7272727272727273,0.6956521739130435,0.711111111111111,0.6749281090880552,23,22,0.917742908000946,0.7796242237091064,0.836824357509613,0.9522725343704224,0.9504011273384094,y_early_b2
7Y0O_HLA,boltz_results_7Y0O_HLA,5,0,4,0.24196377478270245,0.008017423680571019,0.0070583055638964,17.473252014391207,71.69955606729964,0.0,0.0,1.0,0,0.008976541797245637,13.052643630211648,71.60544180538837,0.0,0.0,1.0,0,0.7098564769869653,1.5051856828929098,1.6276711094099394,0.6666666666666666,0.6608695652173913,0.3448275862068966,1,0.5642483459760954,0.5076027150856683,0.3036472684500445,0.10806274481223492,1.4415128284774952,1.8276640833771411,1.4636417692328612,2.358762323729509,0.8456991992518673,1.5420386293507,0.8666044459105305,0.0,0.0,0.0,-0.14427726331846455,26,23,0.0,0.0,0.0,-0.1117115685524112,20,19,0.8997983336448669,0.8720396161079407,0.9024426341056824,0.9067379832267761,0.8605867624282837,baseline
7Y0O_HLA,boltz_results_restraint_7Y0O_HLA_hbond_30,5,0,2,0.49175348475775876,0.40687406124161674,0.4733046722467768,2.7776394304004417,5.015465698925132,0.4523809523809524,0.4578313253012048,0.5365853658536586,0,0.3404434502364566,2.5239144193780962,10.14429494976094,0.34782608695652173,0.4444444444444444,0.38461538461538464,0,0.6615123317900428,1.9004473036488543,1.9176630444918072,0.6491228070175439,0.6379310344827587,0.3728813559322034,0,0.5611582623644916,0.5059492968196715,0.5250296875046576,0.4529935166208145,1.5391977256816252,2.189543065365293,1.869474380741838,3.713578493676732,1.625913411924552,1.6753833462370147,1.3412807445473494,0.8333333333333334,0.5769230769230769,0.6818181818181818,0.6564652751739102,26,18,0.8,0.6,0.6857142857142857,0.6634469221664042,20,15,0.9044248461723328,0.8331547379493713,0.8755406141281128,0.9222424030303955,0.8844723105430603,contact_restraints
7Y0O_HLA,boltz_results_restraint_7Y0O_HLA_hbond_30,5,0,4,0.5317044209315708,0.477325900353053,0.5573845552810687,2.261216136730327,3.6714551186013558,0.5238095238095238,0.4835164835164835,0.5510204081632653,0,0.3972672454250373,2.1815490430223696,6.797608457579222,0.2608695652173913,0.3157894736842105,0.6,0,0.6404614620886063,1.8758501379703556,2.551852475040057,0.6140350877192983,0.6481481481481481,0.3137254901960784,0,0.5815529196621007,0.5520910595394344,0.5522227892716416,0.5051436745200485,1.6373626620923778,2.2590803766715557,2.0930449291380357,3.353808882082467,1.8041530617690944,1.585242466555667,1.509103072305264,0.8,0.6153846153846154,0.6956521739130435,0.6627680625820364,26,20,0.7222222222222222,0.65,0.6842105263157895,0.6511386596157605,20,18,0.9094362258911133,0.8393798470497131,0.879725456237793,0.9269503355026245,0.8929280042648315,y_early_b2
7ZOZ_HLA,boltz_results_7ZOZ_HLA,5,0,0,0.6460129737534999,0.6444416284856762,0.6183789732811783,1.3771770226747095,2.9657409503808023,0.42105263157894735,0.47058823529411764,0.4666666666666667,0,0.6705042836901742,1.3196412209007018,3.6013513698961845,0.6,0.7272727272727273,0.07692307692307693,0,0.6491556642891473,1.1567100612189651,1.0628132161854875,0.3357664233576642,0.4742268041237113,0.19298245614035087,0,0.6460129737534999,0.6444416284856762,0.35471025592938227,0.1994639312048244,0.9123986097890783,0.652077180883171,0.7608433995642266,2.2486358567315037,0.6381179998335869,0.449376576240041,0.5778521561812878,0.8571428571428571,0.631578947368421,0.7272727272727273,0.6975252273913122,19,14,0.7777777777777778,0.5384615384615384,0.6363636363636364,0.6148062429325074,13,9,0.9179097414016724,0.8828819990158081,0.916120171546936,0.9266666769981384,0.9031792879104614,baseline
7ZOZ_HLA,boltz_results_restraint_7ZOZ_HLA_hbond_277,5,0,0,0.6756628713838769,0.6907901878182734,0.6457085406062236,1.3975138782788494,2.365573139705656,0.47368421052631576,0.5373134328358209,0.3793103448275862,0,0.7358718350303232,1.1935047723187082,2.90706868509221,0.7,0.7777777777777778,0.125,0,0.6454082385150839,1.1865095587847487,1.0369643938821467,0.3357664233576642,0.4742268041237113,0.19298245614035087,0,0.6756628713838769,0.6907901878182734,0.36191945308644924,0.21284246271949953,0.8964681496038008,0.6682454858309955,0.7717929755998417,2.4078265598509447,0.6430794564051018,0.43979124994880114,0.594748009225316,0.9333333333333333,0.7368421052631579,0.8235294117647058,0.8036480948145889,19,15,0.8333333333333334,0.7692307692307693,0.8,0.7785863576142906,13,12,0.9114694595336914,0.8788540363311768,0.9115399122238159,0.9196232557296753,0.8886754512786865,contact_restraints
7ZOZ_HLA,boltz_results_restraint_to_A_7ZOZ_HLA_B_Y_102,5,0,0,0.6459051575267271,0.6442762177309429,0.6185630957851846,1.3753342835771014,2.9674598964947596,0.42105263157894735,0.47058823529411764,0.4666666666666667,0,0.669989339676701,1.3211035353754377,3.6152963131174496,0.6,0.7272727272727273,0.07692307692307693,0,0.6491630371182951,1.1565409611547914,1.0644338581677193,0.3357664233576642,0.4742268041237113,0.19298245614035087,0,0.6459051575267271,0.6442762177309429,0.36171973264798674,0.20868269461960512,0.9123851881315086,0.6481101316002545,0.7638818217496389,2.244350547576222,0.6375229453781736,0.4463097245224034,0.5766806191062122,0.8571428571428571,0.631578947368421,0.7272727272727273,0.6975252273913122,19,14,0.7272727272727273,0.6153846153846154,0.6666666666666667,0.6342366961913041,13,11,0.9209848642349243,0.8899921178817749,0.9217120409011841,0.9287329912185669,0.9062489867210388,pocket_guided
7ZOZ_HLA,boltz_results_restraint_7ZOZ_HLA_hbond_277,5,0,0,0.6866414035062635,0.7115417108108493,0.6477355621218424,1.4027672558600615,1.6805815752745665,0.4473684210526316,0.4927536231884058,0.45161290322580644,0,0.7753478594998563,0.980923528055325,2.410020128854607,0.7,0.7368421052631579,0.2222222222222222,0,0.6368407888970918,1.2290758255060985,1.092427206320984,0.3284671532846715,0.46632124352331605,0.19642857142857142,0,0.6866414035062635,0.7115417108108493,0.6703221374188575,0.6817922131278702,0.9304529145065614,0.6650757459292809,0.8333797458422879,2.6439530063384002,0.7064174281876139,0.5142903707528691,0.5890843369351338,0.9411764705882353,0.8421052631578947,0.8888888888888888,0.8721014148464207,19,17,0.8181818181818182,0.6923076923076923,0.7500000000000001,0.7267449657641314,13,11,0.9195966720581055,0.9002488255500793,0.927962064743042,0.9244336485862732,0.8924210071563721,y_early_b2
8BLQ_ABD,boltz_results_8BLQ_ABD,5,0,1,0.6471414399748059,0.6592013660556255,0.6759346562491605,1.3562374368664347,3.4951065672593487,0.6222222222222222,0.6588235294117647,0.3,1,0.6424680758620905,1.659747987101187,3.8763522915418154,0.65,0.65,0.35,0,0.6230215878131665,1.0927408909506824,1.5716038975776288,0.24882629107981222,0.3882783882783883,0.11666666666666667,0,0.6552151333084483,0.6706054607856125,0.6394066913968315,0.6461954583476386,1.0187019287993269,0.5278331511103619,0.9150175599739869,0.9795232123949756,1.2233671119653755,0.8127955345209713,1.5560767663754687,0.782608695652174,0.8571428571428571,0.8181818181818182,0.7735778872398621,21,23,0.875,0.7368421052631579,0.7999999999999999,0.7660756972006184,19,16,0.9450840353965759,0.9595545530319214,0.9704010486602783,0.9414663910865784,0.9467135667800903,baseline
8BLQ_ABD,boltz_results_restraint_8BLQ_ABD_salt_bridge_0,5,0,1,0.6504056621551014,0.6642187608358681,0.6852792129028905,1.3502487063796387,3.443779287482232,0.6444444444444445,0.6744186046511628,0.2926829268292683,1,0.6431583087688457,1.6614146961313299,3.841389230775215,0.65,0.65,0.35,0,0.6227794647935679,1.0944334854276772,1.5722160829759713,0.24882629107981222,0.3882783882783883,0.11666666666666667,0,0.6506354608385595,0.6636591506758003,0.6390961884966462,0.6457402453972901,1.0183661066579002,0.5309239071329204,0.9153542683448228,0.9814561452038446,1.249273990743616,0.8130028789706565,1.5607279303446433,0.782608695652174,0.8571428571428571,0.8181818181818182,0.7735778872398621,21,23,0.875,0.7368421052631579,0.7999999999999999,0.7660756972006184,19,16,0.9435853362083435,0.955487847328186,0.9673460721969604,0.9406096339225769,0.9457112550735474,contact_restraints
8BLQ_ABD,boltz_results_restraint_to_A_8BLQ_ABD_C_Y_32,5,0,1,0.6434509878603462,0.6536658179976911,0.6653927735305504,1.3707261580487422,3.5533660447641346,0.6,0.627906976744186,0.34146341463414637,1,0.6419388624648318,1.6584289133460475,3.9032648068780227,0.65,0.6190476190476191,0.4090909090909091,0,0.6230213275856565,1.0934229469844012,1.5646593284246986,0.24882629107981222,0.3882783882783883,0.11666666666666667,0,0.6491917876237058,0.6614673737075192,0.638353313856449,0.6442954640114795,1.018157750045925,0.5333926916031207,0.9221094781607507,0.9856253864505946,1.2326959183636412,0.8030309776936179,1.5423392579078923,0.72,0.8571428571428571,0.782608695652174,0.7294510223881242,21,25,0.8823529411764706,0.7894736842105263,0.8333333333333333,0.8022641864687994,19,17,0.944998562335968,0.9587311744689941,0.9697992205619812,0.9415653347969055,0.9459812045097351,pocket_guided
8BLQ_ABD,boltz_results_restraint_8BLQ_ABD_salt_bridge_0,5,0,0,0.6606657921348423,0.6765998359983216,0.7161226573653172,1.2847846822713718,3.099238465341671,0.6888888888888889,0.6966292134831461,0.29545454545454547,0,0.6370770146313262,1.7058428715282514,3.912425200671489,0.65,0.6190476190476191,0.4090909090909091,0,0.6287977044078836,1.071354590838733,1.5950523813832687,0.25821596244131456,0.40293040293040294,0.08333333333333333,0,0.6606657921348423,0.6765998359983216,0.6474187458886096,0.6547932686492158,1.0303408462302577,0.6517849156241746,1.001024356973673,0.9105285703438155,1.1862906939349038,0.8230311718919623,1.552140243008171,0.7916666666666666,0.9047619047619048,0.8444444444444444,0.807054622471949,21,24,0.8823529411764706,0.7894736842105263,0.8333333333333333,0.8022641864687994,19,17,0.9427871108055115,0.9426555037498474,0.9582319855690002,0.9428200125694275,0.9492340087890625,y_early_b2
8BLQ_ECD,boltz_results_8BLQ_ECD,5,0,4,0.2703090044822723,0.045667366413862404,0.04830059427863867,9.180234519562852,23.13898078804258,0.0,0.0,1.0,0,0.04303413854908613,12.451088660533474,23.60346551742645,0.0,0.0,1.0,1,0.7195922806190921,0.8092647582133652,1.0760740105632842,0.4,0.5363128491620112,0.1864406779661017,0,0.270569485864079,0.04333963642723718,0.2695901171621005,0.046083584234349946,0.8281894790363181,0.7707510111086028,0.6898320018662457,1.1483536764900217,0.9213406659407831,0.8135004299580952,0.812208469953062,0.0625,0.05555555555555555,0.058823529411764705,-0.11465542715681687,18,16,0.0,0.0,0.0,-0.1595744680851064,15,15,0.871155858039856,0.6786903738975525,0.7755824327468872,0.919272243976593,0.8995871543884277,baseline
8BLQ_ECD,boltz_results_restraint_8BLQ_ECD_hbond_21,5,0,0,0.6925459366425325,0.6755305906925355,0.6699419420681328,2.460999115672102,3.8487058808211216,0.9090909090909091,0.7407407407407407,0.375,1,0.6811192393169382,1.2847847221682647,3.8445193656786816,0.6363636363636364,0.7567567567567568,0.06666666666666667,0,0.7265766285425265,0.7236466261166993,1.5322171652319225,0.4,0.5647058823529412,0.04,0,0.6925459366425325,0.6755305906925355,0.3548919721292315,0.17196087404782562,0.9001026957874105,0.7902800795693652,0.9641495392391626,0.618711881612869,1.1347474515248095,1.003006073099098,0.7842392098281037,0.9411764705882353,0.8888888888888888,0.9142857142857143,0.8984285885129127,18,17,0.9285714285714286,0.8666666666666667,0.896551724137931,0.8813976602190766,15,14,0.9218141436576843,0.8560295701026917,0.8982203602790833,0.9382603168487549,0.9326799511909485,contact_restraints
8BLQ_ECD,boltz_results_restraint_to_A_8BLQ_ECD_B_W_103,5,0,2,0.27003274165038177,0.04680233290372127,0.04956482840536492,8.726710434131599,23.01838023308864,0.0,0.0,1.0,0,0.04403983740207762,12.330814566415913,23.290508480146187,0.0,0.0,1.0,0,0.7164935591437028,0.8255566744217092,1.151872883537368,0.4,0.5423728813559322,0.15789473684210525,0,0.2714914365548281,0.04816366457355077,0.27007008357389684,0.0460218144239459,0.8395209866896962,0.8743353826242467,0.7995996711983047,1.3575211568600545,0.8161571900781192,0.777396076424459,0.6221624560727074,0.0,0.0,0.0,-0.17073311796734164,18,14,0.0,0.0,0.0,-0.1470001447386753,15,13,0.8958179354667664,0.8578435182571411,0.8997513055801392,0.9053115844726562,0.8833345174789429,pocket_guided
8BLQ_ECD,boltz_results_restraint_8BLQ_ECD_hbond_24,5,0,0,0.7044808837027275,0.6888289527658669,0.6568722030608983,2.27904133532424,3.5682054847370184,0.8181818181818182,0.75,0.3076923076923077,0,0.7207857024708355,1.12326082821743,3.393068127131846,0.6590909090909091,0.7733333333333333,0.06451612903225806,0,0.7357847455764487,0.6862858031652412,1.2003100152206894,0.4,0.5581395348837209,0.07692307692307693,0,0.7044808837027275,0.6888289527658669,0.49531871419270584,0.3791018568329425,0.8412708823032057,0.8635162696506322,0.8873469895978943,0.5265785766874006,0.8987737395958105,0.8376066137153398,0.6858681834399409,0.9375,0.8333333333333334,0.8823529411764706,0.8627981026828622,18,16,0.9285714285714286,0.8666666666666667,0.896551724137931,0.8813976602190766,15,14,0.9007211923599243,0.7812453508377075,0.8468864560127258,0.9305900931358337,0.9247487783432007,y_early_b2
8BYU_HLA,boltz_results_8BYU_HLA,5,0,2,0.20442986484333245,0.046358369578438086,0.07888647927570555,11.025422830727425,19.127323184060543,0.05357142857142857,0.06451612903225806,0.918918918918919,1,0.01383025988117062,15.324774319143899,46.749199279245246,0.0,0.0,1.0,0,0.5205728553731211,2.0469728713381783,1.6420585667530574,0.2483221476510067,0.3681592039800995,0.28846153846153844,0,0.22974173682893054,0.06827371603147332,0.19095224217774928,0.029750728347172784,1.0665492917496906,5.087590863898354,2.257328194357326,4.689119871034721,1.3283479210312092,1.2654764711792463,0.5653060485122265,0.6842105263157895,0.5416666666666666,0.6046511627906976,0.5724840489219091,24,19,0.75,0.5294117647058824,0.6206896551724139,0.6082159147603983,17,12,0.8902568817138672,0.86776202917099,0.9096289873123169,0.8958806395530701,0.8613250255584717,baseline
8BYU_HLA,boltz_results_restraint_8BYU_HLA_hbond_107,5,0,3,0.23902522202377785,0.05087515860054517,0.015296345859605702,11.778564951299666,48.391407021309746,0.0,0.0,1.0,0,0.08645397134148465,6.792155640807145,38.62492344153559,0.16666666666666666,0.10526315789473684,0.9230769230769231,1,0.6153253488702433,1.4253797772378856,1.4560854188055437,0.348993288590604,0.5073170731707317,0.07142857142857142,0,0.2416360421166631,0.054120379760452336,0.23332662183286262,0.05802997263034736,0.9549186541145674,5.044562682224789,1.2930509778056023,2.408885356401017,1.3116175754858694,0.7558822029837524,0.3479685168802871,0.0625,0.08333333333333333,0.07142857142857144,-0.04409222634391615,24,32,0.0,0.0,0.0,-0.07556326775587041,17,18,0.9056487083435059,0.8236090540885925,0.8704864978790283,0.926158607006073,0.9058574438095093,contact_restraints
8BYU_HLA,boltz_results_restraint_to_A_8BYU_HLA_B_F_54,5,0,2,0.17184594974595233,0.039567089539777625,0.017211028627227617,12.123655063762017,43.636797816110565,0.0,0.0,1.0,0,0.06192315045232764,7.675862906935005,32.06614764689365,0.08333333333333333,0.05714285714285714,0.9565217391304348,1,0.43640367015830167,3.022761106442973,2.9861019293659985,0.2214765100671141,0.3492063492063492,0.175,0,0.2542125241185552,0.12477358600193734,0.20414277465703665,0.045932872033819974,1.1415941497836641,5.825103135714915,2.426538841943437,8.293395607460104,1.8352184100421993,0.9157231082733768,0.6171302509108342,0.19230769230769232,0.20833333333333334,0.2,0.11098278396831515,24,26,0.15384615384615385,0.11764705882352941,0.13333333333333333,0.07963126929601472,17,13,0.8658262491226196,0.743585467338562,0.8295600414276123,0.896386444568634,0.8729478120803833,pocket_guided
8BYU_HLA,boltz_results_restraint_8BYU_HLA_hbond_164,5,0,1,0.2743977414582331,0.09950444305747495,0.04287337847621426,7.391089001795953,30.69900849451799,0.017857142857142856,0.021505376344086023,0.972972972972973,0,0.15613550763873565,4.843246668560051,21.90375706997925,0.25,0.13953488372093023,0.9032258064516129,0,0.6241843382597493,1.3612075438474343,1.356468457720177,0.348993288590604,0.5048543689320388,0.08771929824561403,0,0.2755912136047408,0.11758263613839881,0.22961226969584284,0.05541264298102594,0.8617873378532542,5.0733170564017085,1.31301770177381,2.154498138706195,1.2998987639419581,0.4884365012042297,0.4671870479344249,0.5384615384615384,0.5833333333333334,0.5599999999999999,0.5114858739409307,24,26,0.375,0.5294117647058824,0.4390243902439025,0.39718892642227754,17,24,0.8742696642875671,0.7996839284896851,0.8657922744750977,0.8929160833358765,0.8577907085418701,y_early_b2
8CDD_EDB,boltz_results_8CDD_EDB,5,0,3,0.7197200814334687,0.7279890778060849,0.7558108955687156,1.244416180771462,2.2038616066906997,0.7380952380952381,0.8157894736842105,0.08823529411764706,0,0.7001672600434543,1.5391672424717384,2.244540358919478,0.6785714285714286,0.76,0.13636363636363635,0,0.7031820886882362,1.019720192235358,1.1999928384709158,0.44516129032258067,0.5847457627118644,0.14814814814814814,0,0.7299846959565005,0.7364195218295748,0.6372700667034104,0.5987334748521558,1.0749867178966264,1.3016661526714408,0.7963586312847595,0.8538564216833129,0.8897456102712182,0.8428888129139466,1.064673719700006,1.0,0.782608695652174,0.878048780487805,0.8774417411056097,23,18,1.0,0.6842105263157895,0.8125000000000001,0.8192036801561022,19,13,0.8700336813926697,0.6246338486671448,0.7748568058013916,0.9313836097717285,0.9280324578285217,baseline
8CDD_EDB,boltz_results_restraint_8CDD_EDB_hbond_494,5,0,0,0.744505909160213,0.7619212123682424,0.791367447147857,1.12791358339455,2.4068728140813884,0.8095238095238095,0.8717948717948718,0.05555555555555555,0,0.7324749775886277,1.3773769813895156,2.1360370789500633,0.7142857142857143,0.8,0.09090909090909091,1,0.7096753027441541,1.0123256686629278,1.0874130222755254,0.45806451612903226,0.6016949152542372,0.12345679012345678,0,0.744505909160213,0.7619212123682424,0.6425488610962703,0.6093911420335832,1.0280982867311872,1.1500169226181034,0.6998287329585225,0.7381985491518567,0.6368138576943426,0.9063710272854714,0.9512284442316896,1.0,0.7391304347826086,0.85,0.8513391730123057,23,17,1.0,0.631578947368421,0.7741935483870968,0.7858111490158006,19,12,0.8626885414123535,0.5864413976669312,0.7484010457992554,0.9317502975463867,0.9286194443702698,contact_restraints
8CDD_EDB,boltz_results_restraint_to_A_8CDD_EDB_B_W_106,5,0,2,0.7195515963510198,0.7279846693286951,0.7559714976926958,1.2422127993815082,2.2108319045013207,0.7380952380952381,0.8157894736842105,0.08823529411764706,0,0.6999978409646945,1.5401758546456439,2.2478709595176554,0.6785714285714286,0.7755102040816326,0.09523809523809523,0,0.7026854503956695,1.0225349588623787,1.2092590532160612,0.44516129032258067,0.5847457627118644,0.14814814814814814,0,0.7283598390386549,0.7336444274978005,0.636136788693568,0.597358915188447,1.0777801317621094,1.3054003541537822,0.809721651402926,0.8616144975231916,0.9015125962195544,0.8460746421531992,1.0769026938918733,1.0,0.7391304347826086,0.85,0.8513391730123057,23,17,1.0,0.6842105263157895,0.8125000000000001,0.8192036801561022,19,13,0.8791529536247253,0.6664422750473022,0.8017381429672241,0.9323306083679199,0.9290944933891296,pocket_guided
8CDD_EDB,boltz_results_restraint_8CDD_EDB_hbond_464,5,0,0,0.730345127291899,0.7397556156622975,0.7851866483406876,1.153736992098301,2.1178475821804685,0.7857142857142857,0.8571428571428571,0.05714285714285714,0,0.6943245829839073,1.511987238788071,2.068381748337079,0.6428571428571429,0.75,0.1,0,0.711524150551102,1.0181659721653524,1.032077763480019,0.4645161290322581,0.6075949367088608,0.12195121951219512,0,0.730345127291899,0.7397556156622975,0.7225641298639371,0.728853491761744,1.0460490746308448,0.9763062102925553,0.7292856107051021,0.5983470726048374,0.6764117110811481,0.8699447549818142,0.7594815358354934,1.0,0.7391304347826086,0.85,0.8513391730123057,23,17,1.0,0.631578947368421,0.7741935483870968,0.7858111490158006,19,12,0.9069423675537109,0.7771849632263184,0.866068959236145,0.9393817782402039,0.9398428201675415,y_early_b2
8CDE_DCB,boltz_results_8CDE_DCB,5,0,0,0.7408623122447114,0.744341747801152,0.755044875782047,1.3384562823735429,1.6373905430676408,0.7441860465116279,0.8,0.13513513513513514,0,0.733638619820257,1.0847921574953328,1.650240489989964,0.5806451612903226,0.72,0.05263157894736842,0,0.7339034411318304,0.9262834734580432,1.2815832724909226,0.5,0.6468085106382979,0.08433734939759036,0,0.7408623122447114,0.744341747801152,0.3917534868874466,0.22132047986298597,1.0819451843525696,1.5153222486954832,0.7318870397297388,0.7910284274086455,0.8241871713274187,0.610773815069685,0.6421634275338347,0.23529411764705882,0.16666666666666666,0.19512195121951217,0.1448615304370861,24,17,0.21428571428571427,0.16666666666666666,0.1875,0.14726199031778583,18,14,0.8658125996589661,0.6016924977302551,0.7613341212272644,0.9318426251411438,0.9281983375549316,baseline
8CDE_DCB,boltz_results_restraint_8CDE_DCB_hbond_446,5,0,0,0.7519701103322728,0.7599321831082098,0.7737450514246872,1.215662810747528,1.402901155759746,0.7441860465116279,0.8,0.13513513513513514,0,0.7461193147917324,1.0520181923254683,1.8416354464043565,0.6129032258064516,0.7450980392156863,0.05,0,0.7360459647803991,0.9255584556542023,1.2952051213661397,0.506578947368421,0.652542372881356,0.08333333333333333,0,0.7519701103322728,0.7599321831082098,0.649745487555734,0.6075003611589398,1.0908526842171067,1.463299426140554,0.7550038843559116,0.6688210421672304,0.7059118290323407,0.715146156482132,0.6125953344852147,0.2222222222222222,0.16666666666666666,0.1904761904761905,0.13719886811400706,24,18,0.21428571428571427,0.16666666666666666,0.1875,0.14726199031778583,18,14,0.8566524386405945,0.536514163017273,0.7116747498512268,0.9366869926452637,0.9347938299179077,contact_restraints
8CDE_DCB,boltz_results_restraint_to_A_8CDE_DCB_B_Y_108,5,0,0,0.7410132872800266,0.7446605514599802,0.7557387758927891,1.3339012843713296,1.6278792288408273,0.7441860465116279,0.8,0.13513513513513514,0,0.7335823270271714,1.0888744539855015,1.6139036056189546,0.5806451612903226,0.72,0.05263157894736842,0,0.7337187589201194,0.9271881498666985,1.2864011554369925,0.5,0.6468085106382979,0.08433734939759036,0,0.7410132872800266,0.7446605514599802,0.38555169554244373,0.21118065460838792,1.0795078075175095,1.524292114469752,0.740813873569311,0.7920114925627878,0.8154650629459288,0.613525748932695,0.6409160196021939,0.23529411764705882,0.16666666666666666,0.19512195121951217,0.1448615304370861,24,17,0.21428571428571427,0.16666666666666666,0.1875,0.14726199031778583,18,14,0.8694251179695129,0.6180915236473083,0.769690752029419,0.9322584867477417,0.9280123114585876,pocket_guided
8CDE_DCB,boltz_results_restraint_8CDE_DCB_hydrophobic_10,5,0,0,0.7449327885263908,0.7510173247934101,0.7620125706120696,1.2583443534195509,2.302223258850833,0.7674418604651163,0.8148148148148148,0.13157894736842105,0,0.7400220789747506,1.1341530177235504,2.731646821864687,0.6774193548387096,0.7777777777777778,0.08695652173913043,0,0.7327637159923522,0.9083115486383115,1.4113536675599967,0.4934210526315789,0.6410256410256411,0.08536585365853659,0,0.7449327885263908,0.7510173247934101,0.6336899486043925,0.5864066671999014,1.0289566207387946,1.7413943846556812,0.7289190200048602,0.8222078733065404,0.8975362900762913,0.665805271285955,0.4440031291379002,0.2631578947368421,0.20833333333333334,0.23255813953488372,0.18020216812723616,24,19,0.21428571428571427,0.16666666666666666,0.1875,0.14726199031778583,18,14,0.8664421439170837,0.5866348743438721,0.7468535304069519,0.9363939762115479,0.9331414699554443,y_early_b2
8CXC_HLM,boltz_results_8CXC_HLM,5,0,0,0.21606797610720407,0.007034473990466906,0.0034550984338030115,33.903496006988746,92.28770938664603,0.0,0.0,1.0,0,0.0106138495471308,23.480572356832557,50.28726368138677,0.0,0.0,1.0,0,0.6341349803406784,1.2067825739007603,1.065712647513321,0.3108108108108108,0.45320197044334976,0.16363636363636364,1,0.21606797610720407,0.007034473990466906,0.21263565601533346,0.006560962408559981,0.8364506683667988,0.9292431255437107,1.0743147656880694,2.6097012089928406,0.8501305149809617,1.2765175557491908,0.41619681777329254,0.0,0.0,0.0,-0.06625568373916033,16,20,0.0,0.0,0.0,-0.04504485512640685,11,14,0.8799654841423035,0.6669276356697083,0.7596564292907715,0.9332249760627747,0.9167803525924683,baseline
8CXC_HLM,boltz_results_restraint_8CXC_HLM_hydrophobic_31,5,0,4,0.21664676316087914,0.007493854888857428,0.003950917634001571,31.130759957767747,86.6253255083799,0.0,0.0,1.0,0,0.011036792143713286,21.827067832431055,49.70795791906453,0.0,0.0,1.0,1,0.6349525797049225,1.2439399672214708,0.9359491632617825,0.32432432432432434,0.46153846153846156,0.2,1,0.21724626136987926,0.00709141948654643,0.21519599405063347,0.00704175353040864,0.7805079975827373,1.011764399651478,1.3110297922878724,2.872980267355072,1.0741591182504342,1.348507148194479,0.5791217707784451,0.0,0.0,0.0,-0.07312724241271307,16,24,0.0,0.0,0.0,-0.0558869584744967,11,21,0.8967019319534302,0.7884158492088318,0.8200735449790955,0.923773467540741,0.8915607929229736,contact_restraints
8CXC_HLM,boltz_results_restraint_to_A_8CXC_HLM_B_A_101,5,0,0,0.21604156519635806,0.007027833973746207,0.0034568638449543093,33.8687750900654,92.28053799343712,0.0,0.0,1.0,0,0.010598804102538105,23.466387741084834,50.333907994517865,0.0,0.0,1.0,0,0.6340690276415817,1.2070997699248736,1.068244283919927,0.3108108108108108,0.45320197044334976,0.16363636363636364,1,0.21604156519635806,0.007027833973746207,0.21292902858527646,0.006574504624405406,0.8381458391746177,0.9315269439245889,1.0719861765702015,2.6082010435478646,0.8488991318805126,1.2777884884027755,0.41581855008594615,0.0,0.0,0.0,-0.06625568373916033,16,20,0.0,0.0,0.0,-0.04504485512640685,11,14,0.8832467198371887,0.6784288287162781,0.7636827826499939,0.9344512224197388,0.9194530248641968,pocket_guided
8CXC_HLM,boltz_results_restraint_8CXC_HLM_hydrophobic_18,5,0,1,0.2142042302836327,0.0067847507886016085,0.004947197754938472,27.765023255769886,77.35112492425898,0.0,0.0,1.0,0,0.008622303822264745,24.15149123278341,56.64108372455752,0.0,0.0,1.0,0,0.6290431892736948,1.2406697810727427,1.133242229888463,0.3108108108108108,0.46,0.11538461538461539,0,0.21438498493883448,0.006861215784999569,0.21258346601242772,0.006934586778095379,0.7851237956916326,0.8114219757233156,0.7476908624203494,3.0056298416321425,0.8202665586859937,1.2741290255123758,0.5680452971224864,0.0,0.0,0.0,-0.06975029703385761,16,22,0.0,0.0,0.0,-0.05145301503037509,11,18,0.8918573260307312,0.7482647895812988,0.799271285533905,0.9277555346488953,0.8935617208480835,y_early_b2
8CYH_HLM,boltz_results_8CYH_HLM,5,0,0,0.2299542459771284,0.0039954415226594025,0.0033763003483511128,33.54360538037112,93.86741806596018,0.0,0.0,1.0,0,0.004614582696967692,26.524188665344607,81.90297040425163,0.0,0.0,1.0,0,0.6818718548860664,0.9573118030049022,1.0053935635276947,0.3488372093023256,0.4972375690607735,0.1346153846153846,0,0.2299542459771284,0.0039954415226594025,0.2277602124529074,0.00555313753686584,0.6899896811725682,1.0046340870033361,0.9338420415596903,2.087239604577108,0.8247814776614345,0.6175368758951072,0.6627949739036231,0.0,0.0,0.0,-0.07412689927993131,18,23,0.0,0.0,0.0,-0.055196675460567175,14,17,0.9137474298477173,0.8451563715934753,0.8573365807533264,0.9308951497077942,0.9221251010894775,baseline
8CYH_HLM,boltz_results_restraint_8CYH_HLM_hbond_299,5,0,3,0.2476224153641652,0.04900210880542539,0.07906386045558178,8.858438001596275,24.587386259845946,0.10256410256410256,0.12307692307692308,0.8461538461538461,0,0.018940357155269,9.36366794463711,46.9007639477067,0.0,0.0,1.0,0,0.6448630284816449,1.1841141905631642,2.0225198506876287,0.37209302325581395,0.518918918918919,0.14285714285714285,0,0.25826873225311925,0.043536407310117285,0.25336320694973163,0.046524101116405384,0.7337111784845353,1.2543584331963464,1.2960956798085326,2.9848701186155355,0.9088284176622996,0.49362694298638765,0.5477311761570827,0.4444444444444444,0.4444444444444444,0.4444444444444444,0.4083433614119535,18,18,0.26666666666666666,0.2857142857142857,0.2758620689655172,0.23863267593169354,14,15,0.9249667525291443,0.9224686622619629,0.9087874293327332,0.925591230392456,0.9073391556739807,contact_restraints
8CYH_HLM,boltz_results_restraint_to_A_8CYH_HLM_B_A_102,5,0,0,0.22995307859127856,0.004009184039610077,0.003400953187689693,33.47871238334842,93.48442706671308,0.0,0.0,1.0,0,0.004617414891530462,26.55640697739493,81.8401027862589,0.0,0.0,1.0,0,0.6818408676946155,0.9578624437942947,1.0000746333712438,0.3488372093023256,0.4972375690607735,0.1346153846153846,0,0.22995307859127856,0.004009184039610077,0.2274309245624906,0.005562897082606484,0.6909421806171402,1.0772501736452473,0.902523585684308,2.088430255334984,0.8353863085041846,0.6261010538780272,0.6643802585840903,0.0,0.0,0.0,-0.07412689927993131,18,23,0.0,0.0,0.0,-0.05689933961361399,14,18,0.9205920100212097,0.8669585585594177,0.8733735084533691,0.9340003728866577,0.9279182553291321,pocket_guided
8CYH_HLM,boltz_results_restraint_8CYH_HLM_hbond_299,5,0,2,0.25403777034432423,0.040321097419165404,0.06722403066201676,10.53950207809508,24.830012784145307,0.07692307692307693,0.07692307692307693,0.9230769230769231,0,0.013418164176314048,11.800490068952938,53.800150139955704,0.0,0.0,1.0,0,0.681471116194642,1.0229633405641374,1.3814777644139307,0.3875968992248062,0.5347593582887701,0.13793103448275862,0,0.3060617208632182,0.12809335263818408,0.2642339240492398,0.0572282690445318,0.7215809027538195,1.1499519090895063,0.9578101968007341,2.417775530351543,0.8089187325585322,0.7013212832315682,0.7598115329968098,0.2631578947368421,0.2777777777777778,0.27027027027027023,0.22157585370843516,18,19,0.21428571428571427,0.21428571428571427,0.21428571428571427,0.17513980681240468,14,14,0.8791376352310181,0.7124901413917542,0.7834604382514954,0.9207994341850281,0.8924300670623779,y_early_b2
8DE3_BCA,boltz_results_8DE3_BCA,5,0,0,0.679962048069105,0.6354753008444042,0.6629470878570247,1.948812649268816,2.125818264267081,0.6756756756756757,0.6410256410256411,0.3902439024390244,0,0.6080035138317836,1.5216443063876481,3.121370750788907,0.45,0.6,0.1,0,0.7689355425185068,1.1151279375978833,1.6094915066707487,0.6973684210526315,0.7412587412587412,0.208955223880597,0,0.679962048069105,0.6354753008444042,0.6628525345976615,0.6155730607732756,1.1643662809718627,0.8136007974821914,0.6257247516660207,0.4677537920151705,1.2864520433648745,0.9848788812114528,1.4098406455959491,0.8076923076923077,0.875,0.8400000000000001,0.8329639329052876,24,26,0.7692307692307693,0.625,0.6896551724137931,0.6850496119556606,16,13,0.9215402603149414,0.9032500982284546,0.951427698135376,0.9261128306388855,0.8944003582000732,baseline
8DE3_BCA,boltz_results_restraint_8DE3_BCA_hbond_242,5,0,0,0.684121197915709,0.6403372631766179,0.6567987060455466,1.9163377728439825,2.1124150497928587,0.6486486486486487,0.5925925925925926,0.45454545454545453,0,0.6238758203076892,1.5395022597909904,3.0697464120386355,0.5,0.6451612903225806,0.09090909090909091,0,0.7716890673938913,1.1002783568587677,1.557268240916671,0.6973684210526315,0.7412587412587412,0.208955223880597,0,0.684121197915709,0.6403372631766179,0.6652259828156208,0.6159810701613453,1.151537186685,0.8021092434357255,0.5918618820976109,0.4520553053705531,1.2643379715613852,0.9542785144571319,1.3557683216468528,0.8076923076923077,0.875,0.8400000000000001,0.8329639329052876,24,26,0.8333333333333334,0.625,0.7142857142857143,0.714544875222001,16,12,0.9210936427116394,0.9046353697776794,0.9510264992713928,0.9252082705497742,0.8930026888847351,contact_restraints
8DE3_BCA,boltz_results_restraint_to_A_8DE3_BCA_C_Y_32,5,0,0,0.6806766506684053,0.6365920568722778,0.6633800160135858,1.952510903350131,2.0835901789556344,0.6756756756756757,0.6410256410256411,0.3902439024390244,0,0.60980409773097,1.5145788613331646,3.075356736111029,0.45,0.6,0.1,0,0.7688458382606602,1.1151858786865914,1.6153895955702884,0.6973684210526315,0.7412587412587412,0.208955223880597,0,0.6806766506684053,0.6365920568722778,0.6650769467200821,0.6176053014277085,1.1637505801239,0.814545524110512,0.6302293135599403,0.4608170194968351,1.2887144526496734,0.9880256473073414,1.4109825463918344,0.8076923076923077,0.875,0.8400000000000001,0.8329639329052876,24,26,0.7692307692307693,0.625,0.6896551724137931,0.6850496119556606,16,13,0.9253982901573181,0.9179922342300415,0.9567397832870483,0.9272497296333313,0.8961210250854492,pocket_guided
8DE3_BCA,boltz_results_restraint_8DE3_BCA_hbond_350,5,0,0,0.6870276377645914,0.6516006196575128,0.6066346307167946,2.149403537152722,2.8679110359728273,0.5945945945945946,0.5641025641025641,0.4634146341463415,0,0.696566608598231,1.4294337757982718,2.580279209333342,0.65,0.7647058823529411,0.07142857142857142,0,0.7578816739787485,1.1521980429706589,1.7234036986776906,0.6842105263157895,0.7222222222222222,0.23529411764705882,0,0.6870276377645914,0.6516006196575128,0.6777987119046578,0.6408218801884,1.1191292390086367,0.8406589174863474,0.6438142362724668,0.7037214690540536,1.3972701328468553,0.9477817650290008,1.618743091652228,0.84,0.875,0.8571428571428572,0.8505375105734305,24,25,0.7692307692307693,0.625,0.6896551724137931,0.6850496119556606,16,13,0.9247398376464844,0.9291766881942749,0.9609217643737793,0.9236305952072144,0.8887611031532288,y_early_b2
8DTK_CBA,boltz_results_8DTK_CBA,5,0,4,0.19685723472668545,0.010753416873007047,0.011453647735182157,15.238333838770503,53.340950846546974,0.0,0.0,1.0,1,0.010053186010831936,14.496191736482837,60.16988011457174,0.0,0.0,1.0,1,0.5690648704340422,2.8564962571943022,3.0642517602376054,0.6060606060606061,0.6956521739130435,0.1836734693877551,0,0.22884948536874505,0.008694232415236184,0.20804797939024988,0.010558730415996828,1.2606409489607615,2.1584919647337912,0.7137122833915994,8.542704453677166,1.2662118129506175,1.8612494658985568,1.0903634403989606,0.037037037037037035,0.029411764705882353,0.032786885245901634,-0.1368311619644136,34,27,0.0,0.0,0.0,-0.13118744195820053,29,19,0.8624765276908875,0.6850801706314087,0.7665035128593445,0.9068256616592407,0.8781163096427917,baseline
8DTK_CBA,boltz_results_restraint_8DTK_CBA_hbond_116,5,0,1,0.7037426689353735,0.6853216095769492,0.7080230679366197,1.4999647194152308,2.4906012291055095,0.703125,0.7377049180327869,0.22413793103448276,0,0.6626201512172788,1.4662455122351696,3.5499322026300018,0.625,0.7272727272727273,0.13043478260869565,1,0.7405847876522222,1.309338626158085,1.4325506496779379,0.6818181818181818,0.72,0.23728813559322035,1,0.7174235121812523,0.7159752529938419,0.6780569510096621,0.6506696179166388,1.2551199750751123,2.090141754406827,0.7758392326476207,2.570198710431911,1.0151222369208226,1.6568095375535534,0.9931413188999008,0.9354838709677419,0.8529411764705882,0.8923076923076922,0.8731501117828092,34,31,0.9629629629629629,0.896551724137931,0.9285714285714286,0.9179475287533228,29,27,0.922735869884491,0.8865938782691956,0.912842333316803,0.9317713379859924,0.9205469489097595,contact_restraints
8DTK_CBA,boltz_results_restraint_8DTK_CBA_hbond_73,5,0,0,0.6862022027586563,0.6709831770063934,0.6609462914800796,1.7174772736430288,2.4181900678643413,0.625,0.6451612903225806,0.3333333333333333,0,0.6810200625327072,1.395188001415124,3.1104475051214004,0.625,0.7142857142857143,0.16666666666666666,0,0.716640254263182,1.481066589887366,1.306982339084162,0.6666666666666666,0.704,0.2542372881355932,0,0.6862022027586563,0.6709831770063934,0.5837403684444814,0.5085177690172822,1.2447038493301783,2.114506058032202,1.0355415158605166,3.052430411216964,1.1131302230925113,1.5924206522651845,0.9555052206901032,0.9375,0.8823529411764706,0.9090909090909091,0.8920471955581524,34,32,0.8620689655172413,0.8620689655172413,0.8620689655172413,0.8390804597701149,29,29,0.8851823210716248,0.7706605792045593,0.823432981967926,0.9138127565383911,0.8800081610679626,y_early_b2
8E2U_HLA,boltz_results_8E2U_HLA,5,0,4,0.20564745045245883,0.008172776580220954,0.005327107653792678,22.518399572705153,78.58580332099785,0.0,0.0,1.0,1,0.01101844550664923,15.808598949445159,54.05218438105565,0.0,0.0,1.0,0,0.6005967981969346,1.525596531163876,1.5032894363971248,0.34057971014492755,0.48205128205128206,0.17543859649122806,0,0.2523305825000498,0.08288186881737707,0.22191356402848544,0.03226936527403722,0.8614477715128704,1.0253694009003502,0.7532851338448066,3.339890518660396,2.594606875247998,0.649207203887088,1.1433904125072363,0.0,0.0,0.0,-0.06773616413835154,31,25,0.0,0.0,0.0,-0.05275779376498801,22,22,0.8682937026023865,0.8797818422317505,0.8860243558883667,0.8654215931892395,0.8467391729354858,baseline
8E2U_HLA,boltz_results_restraint_8E2U_HLA_hydrophobic_13,5,0,0,0.6690897526361187,0.6844443543068199,0.6820128332053449,1.4234753312034327,2.391270251955789,0.5932203389830508,0.6140350877192983,0.36363636363636365,0,0.6868758754082949,1.4472406841850025,3.3905131762266794,0.68,0.7391304347826086,0.19047619047619047,0,0.638380549294716,1.2297024135824322,1.5138358369775342,0.34782608695652173,0.47761194029850745,0.23809523809523808,0,0.6690897526361187,0.6844443543068199,0.31825820675391064,0.1697740790280038,0.9375039292543121,1.2719231520847245,0.9320296142201596,2.0339762339431497,2.140382907846581,0.4548164135802735,1.220353264864628,0.8787878787878788,0.9354838709677419,0.90625,0.8993977537320095,31,33,1.0,0.9545454545454546,0.9767441860465117,0.9758390507555824,22,21,0.8736000061035156,0.8092383742332458,0.8855711817741394,0.8896904587745667,0.8823394775390625,contact_restraints
8E2U_HLA,boltz_results_restraint_to_A_8E2U_HLA_B_Y_32,5,0,4,0.20745792935702456,0.008142388616533424,0.005327889873916732,22.45936199554233,78.65742102416104,0.0,0.0,1.0,1,0.010956887359150116,15.60777352281941,54.53303738279376,0.0,0.0,1.0,0,0.6060890108380068,1.501805151771538,1.4678506779996192,0.34782608695652173,0.49230769230769234,0.15789473684210525,0,0.24618677753053939,0.07413395636236195,0.22078898266724217,0.0303566963174019,0.8432677811885732,1.0289852202346295,0.7826922651811846,3.245140990969139,2.5810038637299693,0.6530808874655204,1.2570189204890856,0.0,0.0,0.0,-0.06773616413835154,31,25,0.0,0.0,0.0,-0.05148311538758469,22,21,0.8673295974731445,0.8673591613769531,0.8803476095199585,0.8673222064971924,0.8454554677009583,pocket_guided
8E2U_HLA,boltz_results_restraint_8E2U_HLA_salt_bridge_0,5,0,0,0.6642786980808785,0.6835783163589633,0.7003445947189335,1.5631771068558604,1.7207100120405614,0.6610169491525424,0.65,0.36065573770491804,0,0.6668120379989931,1.5911364646426673,2.989895571366443,0.64,0.7619047619047619,0.058823529411764705,0,0.6256794615247089,1.3465197148419659,1.348472121077661,0.34782608695652173,0.4824120603015075,0.21311475409836064,0,0.6642786980808785,0.6835783163589633,0.5413484813006023,0.5066624219612369,0.817798690486409,0.9426130790808342,1.081451359420057,2.7427636633779895,2.184964838704138,0.5477648690961152,1.0675442732407916,0.8666666666666667,0.8387096774193549,0.8524590163934426,0.8415768926279402,31,30,0.9523809523809523,0.9090909090909091,0.9302325581395349,0.9269189476059079,22,21,0.8861495852470398,0.9309468269348145,0.944853663444519,0.8749503493309021,0.872650146484375,y_early_b2
8EAY_HLA,boltz_results_8EAY_HLA,5,0,1,0.5869992580385973,0.5107912019713394,0.538886497217463,1.9734486332182928,3.8212732787911823,0.4186046511627907,0.4444444444444444,0.5263157894736842,0,0.48269590672521584,3.022185431650124,3.8218645852963755,0.4186046511627907,0.5538461538461539,0.18181818181818182,0,0.7394153701731133,1.3426963133254008,1.4749100184299795,0.6923076923076923,0.743801652892562,0.19642857142857142,0,0.6109954040225768,0.5428694817920509,0.5882199605742275,0.5113103105884135,0.9128311978392816,2.778887382467862,1.2687727817633243,2.753060262961691,1.6688449670344268,0.7481001672278955,0.9969715338079068,0.4074074074074074,0.36666666666666664,0.38596491228070173,0.3412496667485351,30,27,0.35,0.3181818181818182,0.3333333333333333,0.29817030933953165,22,20,0.9132910966873169,0.9233607053756714,0.9219066500663757,0.9107736349105835,0.9328261613845825,baseline
8EAY_HLA,boltz_results_restraint_8EAY_HLA_hbond_338,5,0,0,0.6126805543746642,0.5428576448669353,0.5622789598962941,1.8946950846733286,3.433882302136471,0.4418604651162791,0.4810126582278481,0.4722222222222222,0,0.5234363298375767,3.02651258848391,2.3095356404858705,0.4418604651162791,0.5846153846153846,0.13636363636363635,0,0.752326373390122,1.322711290484048,1.460034988889839,0.7230769230769231,0.7580645161290323,0.2033898305084746,0,0.6126805543746642,0.5428576448669353,0.591368343805055,0.5148258360921159,0.8726066100219926,2.607562482210216,1.3911859696585507,2.717969924010582,1.662725876388676,0.6656435798866447,0.9566143715823033,0.4074074074074074,0.36666666666666664,0.38596491228070173,0.3412496667485351,30,27,0.3333333333333333,0.3181818181818182,0.3255813953488372,0.28874667206142657,22,21,0.9202221035957336,0.9307597279548645,0.9222383499145508,0.9175876379013062,0.9366469383239746,contact_restraints
8EAY_HLA,boltz_results_restraint_to_A_8EAY_HLA_B_Y_33,5,0,2,0.5862100928255388,0.5094849390142816,0.5371864192889526,1.9776795628386505,3.877243543732758,0.4186046511627907,0.4444444444444444,0.5263157894736842,0,0.48178345873961065,3.0234380985027647,3.857409306225756,0.4186046511627907,0.5538461538461539,0.18181818181818182,0,0.7396604004480531,1.341101250210417,1.4710571472817537,0.6923076923076923,0.743801652892562,0.19642857142857142,0,0.610425421035525,0.5416944818163927,0.5874785455383704,0.5099499266144558,0.9123423745846361,2.780094455034144,1.2694509679861972,2.7469262535823638,1.6685417632963746,0.7473760468042274,0.9971050433639995,0.4074074074074074,0.36666666666666664,0.38596491228070173,0.3412496667485351,30,27,0.35,0.3181818181818182,0.3333333333333333,0.29817030933953165,22,20,0.913585364818573,0.9209531545639038,0.922228217124939,0.9117434620857239,0.9327824115753174,pocket_guided
8EAY_HLA,boltz_results_restraint_8EAY_HLA_salt_bridge_1,5,0,1,0.6021043820512988,0.527247142726279,0.5416357504413711,1.9736684591760794,4.023958586898373,0.4418604651162791,0.4578313253012048,0.525,0,0.5128585350111871,3.247507467530316,3.555077715205592,0.5116279069767442,0.6376811594202898,0.15384615384615385,0,0.7518188607013382,1.322819600428658,1.4984591850682742,0.7230769230769231,0.7642276422764228,0.1896551724137931,0,0.6042685887195166,0.5379698216164495,0.5919120661807289,0.5181160203405435,0.8771432914299051,2.8403044803448467,1.3237800798596389,2.6665395654153143,1.6580057711930773,0.6233185331100426,0.9779583043152585,0.4074074074074074,0.36666666666666664,0.38596491228070173,0.3412496667485351,30,27,0.3333333333333333,0.3181818181818182,0.3255813953488372,0.28874667206142657,22,21,0.9197337031364441,0.9233573079109192,0.9088181257247925,0.9188278317451477,0.9369335770606995,y_early_b2
8EZ3_HLA,boltz_results_8EZ3_HLA,5,0,3,0.21629901355781259,0.01964042507595208,0.018246614807566914,13.004127623353119,40.793835131357035,0.0,0.0,1.0,0,0.02103423534433725,10.486385927819311,40.07444985717925,0.0,0.0,1.0,0,0.6096161905215336,2.1575241902273676,2.5340280020842285,0.5846153846153846,0.6333333333333333,0.3090909090909091,1,0.3214107203192121,0.07034480894516144,0.2529609980362098,0.030322067606543428,1.2706104482469553,1.472255638303148,1.3340555568571562,4.2136255521814405,1.3005589140266873,0.6465020745765343,3.6360367489161125,0.13043478260869565,0.08823529411764706,0.10526315789473685,0.03800247860163001,34,23,0.17647058823529413,0.1111111111111111,0.13636363636363638,0.08991708485421614,27,17,0.8639752268791199,0.556657612323761,0.7727885842323303,0.940804660320282,0.8938177227973938,baseline
8EZ3_HLA,boltz_results_restraint_8EZ3_HLA_hbond_448,5,0,2,0.3110996303957105,0.08529999025879073,0.030965360930039803,14.643428108511792,36.56737859189982,0.03125,0.03418803418803419,0.9622641509433962,1,0.13963461958754167,5.5759564352712125,18.296895255353032,0.17391304347826086,0.16666666666666666,0.84,0,0.76269891066955,1.2438464190848975,1.799874651327544,0.7384615384615385,0.7619047619047619,0.21311475409836064,0,0.3208136958708008,0.09420847638288948,0.2725679862347999,0.04982947086016045,0.9794857723453273,1.5739916817630315,1.218559848310673,2.3640552728638204,0.7533256966962696,0.7165683304885,0.9830825784432409,0.6,0.5294117647058824,0.5625,0.5245590746796023,34,30,0.6086956521739131,0.5185185185185185,0.5599999999999999,0.5318504409354733,27,23,0.8603730201721191,0.5195074677467346,0.7444637417793274,0.9455894231796265,0.8932316303253174,contact_restraints
8EZ3_HLA,boltz_results_restraint_to_A_8EZ3_HLA_C_L_96,5,0,1,0.222596990946293,0.012974280733399401,0.013034758467544446,15.123299316209453,48.87096387047287,0.0,0.0,1.0,0,0.012913802999254355,12.053001483589634,54.804752359569086,0.0,0.0,1.0,0,0.6418424113720802,1.9381703920660327,1.5869317041422373,0.5846153846153846,0.6386554621848739,0.2962962962962963,0,0.25035654181437994,0.018611751863010693,0.23632351599824442,0.015525298588688768,0.9863059597720769,0.9261543450544377,1.3322511737028933,4.064525817392182,0.8231348877257668,0.6743594175482938,3.0102498469573264,0.10344827586206896,0.08823529411764706,0.09523809523809523,0.015901302135093956,34,29,0.0,0.0,0.0,-0.06705004579976852,27,22,0.9162508249282837,0.8080170154571533,0.9047384262084961,0.9433093070983887,0.898108720779419,pocket_guided
8EZ3_HLA,boltz_results_restraint_8EZ3_HLA_hbond_81,5,0,0,0.4485749922907236,0.30066991262955534,0.3690171613418509,3.6487674973638513,5.3996295678993045,0.25,0.27350427350427353,0.6981132075471698,0,0.23232266391725975,3.9242321215458333,8.0687859438817,0.043478260869565216,0.03333333333333333,0.972972972972973,0,0.7443851516130602,1.4121904263679357,1.2157251682206363,0.7230769230769231,0.7230769230769231,0.27692307692307694,0,0.4485749922907236,0.30066991262955534,0.3290638985094336,0.14787626372816048,0.8845785783036291,1.1794052406213085,1.1635577036773601,3.1885250804383554,0.5982210676816405,0.3942202269084396,1.412740393587453,0.8648648648648649,0.9411764705882353,0.9014084507042254,0.8924642889368563,34,37,0.7777777777777778,0.7777777777777778,0.7777777777777778,0.7611572791628193,27,27,0.8612810373306274,0.5583572387695312,0.7680073380470276,0.9370118975639343,0.8726556897163391,y_early_b2
8EZ7_HLA,boltz_results_8EZ7_HLA,5,0,2,0.3747115914346612,0.15048505309748197,0.1766245535963221,4.4010807734125,22.406912554923437,0.3,0.22857142857142856,0.8153846153846154,1,0.12434555259864184,5.072483052668868,15.315704822834093,0.05714285714285714,0.08888888888888889,0.8,0,0.8231646681090196,1.09655409136193,1.3879532069838107,0.84375,0.8503937007874016,0.14285714285714285,0,0.3825859443430737,0.17028523850545024,0.3394172599301154,0.11608426171941104,0.7325155297549627,0.658948421534688,1.096603009043412,1.4228169371320187,1.1629239174018244,0.5939956648817887,2.2858404759589392,0.5172413793103449,0.4838709677419355,0.5000000000000001,0.45845022142335146,31,29,0.4,0.4444444444444444,0.4210526315789474,0.3919296189592232,18,20,0.8730874061584473,0.5896769762039185,0.7853184342384338,0.9439400434494019,0.8928611874580383,baseline
8EZ7_HLA,boltz_results_restraint_8EZ7_HLA_hbond_69,5,0,1,0.5185000639284829,0.3519838569375189,0.40868846479728155,2.372108945237817,12.522364994296334,0.625,0.49019607843137253,0.5967741935483871,0,0.2952792490777562,2.715033896722121,9.919034463508106,0.22857142857142856,0.34782608695652173,0.2727272727272727,0,0.8515324779104109,0.9500840220661405,1.165706165810301,0.859375,0.8527131782945736,0.15384615384615385,0,0.5465800496696608,0.4080050199042005,0.38928943010976635,0.18916271137798446,0.6356253310605317,0.6546329099154905,0.7383206060319882,0.9004213152786527,0.7757959742286489,0.48151681890008635,2.23053424079545,0.6551724137931034,0.6129032258064516,0.6333333333333333,0.6030376515491473,31,29,0.6,0.6666666666666666,0.631578947368421,0.6136040973209996,18,20,0.8892270922660828,0.6553411483764648,0.8182413578033447,0.9476986527442932,0.8988156914710999,contact_restraints
8EZ7_HLA,boltz_results_restraint_to_A_8EZ7_HLA_C_A_30,5,0,3,0.38067454082970476,0.15876685829932213,0.17960316314779198,4.312976015453048,21.90153473643055,0.3,0.23529411764705882,0.8064516129032258,1,0.1379305534508523,4.913356519477122,15.009795128253566,0.08571428571428572,0.12244897959183673,0.7857142857142857,0,0.82448990589047,1.0854426889084208,1.4052332757769472,0.84375,0.8307692307692308,0.18181818181818182,0,0.38682568808599144,0.17126247937289743,0.3428877150913796,0.12072452152529185,0.7260209476998597,0.6472135462889745,1.0971073088824357,1.4050183800290617,1.1893297195343175,0.6222820706308602,2.2987075964680574,0.5333333333333333,0.5161290322580645,0.5245901639344263,0.48411918135918597,31,30,0.38095238095238093,0.4444444444444444,0.41025641025641024,0.38049246209595716,18,21,0.8797869086265564,0.6211156249046326,0.8006618022918701,0.9444546699523926,0.8945080041885376,pocket_guided
8EZ7_HLA,boltz_results_restraint_8EZ7_HLA_hbond_214,5,0,3,0.6308984840915138,0.530450693111884,0.5163651743164488,1.8391771112512905,7.6942369549922525,0.6,0.5052631578947369,0.5636363636363636,0,0.5445362119073193,1.8336844882215912,4.572479552201836,0.45714285714285713,0.5818181818181818,0.2,0,0.8317940660507737,1.076715624484841,1.3314581131688232,0.859375,0.8661417322834646,0.12698412698412698,0,0.6515679091623913,0.5649844875696011,0.6159277052325945,0.5094240132393276,0.7338629310160613,0.7060316861267639,1.0009909855425698,1.3085731159202956,0.8343071716276274,0.578502628151768,2.2871088303427696,0.7058823529411765,0.7741935483870968,0.7384615384615385,0.7155151504609918,31,34,0.5454545454545454,0.6666666666666666,0.6,0.5817288484874645,18,22,0.903577446937561,0.7304233312606812,0.8566024303436279,0.9468659162521362,0.8963043093681335,y_early_b2
8EZ8_HLA,boltz_results_8EZ8_HLA,5,0,1,0.19873365477559243,0.00855942693969283,0.0095029998085125,15.556153542450067,60.59600094701935,0.0,0.0,1.0,0,0.007615854070873161,18.549138951089425,65.92816890691397,0.0,0.0,1.0,0,0.5790821104473917,2.7458981971623944,2.359249522117724,0.5789473684210527,0.6376811594202898,0.2903225806451613,0,0.6462205871486204,0.6219892853463502,0.3473984038274585,0.21309240867861523,1.0537555674602204,1.5261330344582436,2.3236449344872705,6.882720891197023,1.0985184671978372,1.379203081714176,1.4746016259810861,0.0,0.0,0.0,-0.10526070138110236,35,39,0.0,0.0,0.0,-0.07474121508684531,26,28,0.907151997089386,0.8254309892654419,0.9103198051452637,0.9275822043418884,0.8724862933158875,baseline
8EZ8_HLA,boltz_results_restraint_8EZ8_HLA_hbond_89,5,0,0,0.6417906165024158,0.619281027889595,0.6826766881958494,1.4722350820455432,2.5880378719331247,0.6235294117647059,0.6794871794871795,0.2535211267605634,1,0.5558853675833407,1.3352458842669477,3.433191302469477,0.25,0.32,0.5555555555555556,0,0.6868097937280572,1.6145237157172023,1.6050361607901842,0.631578947368421,0.6666666666666666,0.29411764705882354,0,0.6417906165024158,0.619281027889595,0.5076833964159337,0.44236108193416107,1.0523563196581531,1.539717662337329,2.1029640953848996,3.275844493992441,1.0152370232654286,1.343077589816335,1.5616369520788078,0.8918918918918919,0.9428571428571428,0.9166666666666667,0.9085771175232639,35,37,0.8695652173913043,0.7692307692307693,0.8163265306122449,0.8057178908299112,26,23,0.9181377291679382,0.8486847281455994,0.9233843684196472,0.935500979423523,0.8718927502632141,contact_restraints
8EZ8_HLA,boltz_results_restraint_to_A_8EZ8_HLA_B_Y_33,5,0,0,0.627054728103444,0.6018617795349124,0.6934734877915059,1.4562175387205933,2.725192066117432,0.6588235294117647,0.717948717948718,0.2112676056338028,1,0.5102500712783189,1.520637028535911,3.569567213255868,0.1875,0.3,0.25,0,0.6774406252405073,1.5841928712194915,1.5580209575645694,0.5921052631578947,0.656934306569343,0.26229508196721313,0,0.627054728103444,0.6018617795349124,0.3396818316564252,0.20971474985943414,1.0716463646499503,1.5037140590788707,1.961531991990225,3.141037722913432,0.9802584267153356,1.323055011600874,1.591619215672634,0.9428571428571428,0.9428571428571428,0.9428571428571428,0.9371914204775394,35,35,0.95,0.7307692307692307,0.8260869565217392,0.8232608969257286,26,20,0.9105983972549438,0.8294327855110168,0.9189102649688721,0.9308897256851196,0.8695528507232666,pocket_guided
8EZ8_HLA,boltz_results_restraint_8EZ8_HLA_hbond_170,5,0,0,0.5854550674184523,0.5142054437541648,0.620636806828648,1.528024575875589,4.93842369028462,0.6235294117647059,0.6583850931677019,0.3026315789473684,0,0.40777408067968146,1.9866491643830195,6.793228476831832,0.25,0.36363636363636365,0.3333333333333333,0,0.7279543147470277,1.4097733422308865,1.5285586825578439,0.6842105263157895,0.7428571428571429,0.1875,0,0.5854550674184523,0.5142054437541648,0.4967099581649637,0.4397772686068455,1.0079893587093505,1.7854120936036917,1.8331681656245982,2.6541311028820753,0.6320118128235439,1.3713780253174477,0.7569207061492531,0.8648648648648649,0.9142857142857143,0.888888888888889,0.8779464874425421,35,37,0.95,0.7307692307692307,0.8260869565217392,0.8232608969257286,26,20,0.9195827841758728,0.8845669031143188,0.9423096179962158,0.9283366799354553,0.8671203851699829,y_early_b2
8FAH_HLA,boltz_results_8FAH_HLA,5,0,1,0.2242862912323671,0.020167213062829287,0.020202341046676283,18.352816943372602,35.58684362855756,0.0,0.0,1.0,1,0.020132085078982287,20.62398149597083,35.18787079890435,0.0,0.0,1.0,0,0.6325244475714428,1.3235941331371133,1.6845917824598537,0.373134328358209,0.5050505050505051,0.21875,0,0.22557001372625898,0.020176489342997775,0.22441863462932865,0.020432064502501547,1.3476036091829913,2.6050044587660564,2.136944935816392,1.1381178273683439,2.4899643806140643,1.8579061545137228,1.9188320009226183,0.0,0.0,0.0,-0.14527180078699412,25,26,0.0,0.0,0.0,-0.10382189319814188,21,17,0.8680669069290161,0.6853469014167786,0.7646066546440125,0.9137468934059143,0.8768004179000854,baseline
8FAH_HLA,boltz_results_restraint_8FAH_HLA_hbond_28,5,0,0,0.6251588027529406,0.6131543267427716,0.6023651842240231,1.6120320169210534,3.667543110682018,0.5,0.5517241379310345,0.38461538461538464,0,0.6239434692615201,1.8084796470097744,3.368524409745119,0.6,0.46153846153846156,0.625,2,0.6491677547732784,1.2241562151365524,1.3849625641627437,0.373134328358209,0.5102040816326531,0.1935483870967742,0,0.6251588027529406,0.6131543267427716,0.46222784588981647,0.38366409357313763,1.2632586452790338,1.3598473209401123,2.1825977376174013,1.0367995194817539,2.0576059449643123,1.7833485003526086,1.35402375241849,0.7407407407407407,0.8,0.7692307692307692,0.735721212040299,25,27,0.8095238095238095,0.8095238095238095,0.8095238095238095,0.7873015873015873,21,21,0.9332002997398376,0.9135831594467163,0.9338703155517578,0.9381045699119568,0.9113012552261353,contact_restraints
8FAH_HLA,boltz_results_restraint_to_A_8FAH_HLA_B_I_30,5,0,4,0.22445964637921687,0.02018724743363439,0.020222969904155747,18.356184563213294,35.564453532433674,0.0,0.0,1.0,1,0.020151524963113038,20.592447361206442,35.17360067976023,0.0,0.0,1.0,0,0.6330044442703818,1.3203474692816035,1.6792243377046239,0.373134328358209,0.5050505050505051,0.21875,0,0.2255426437908572,0.02062879750388337,0.2242161834526101,0.02047183906033438,1.3454935697019221,2.632592370072811,2.1358929536823106,1.1430871496467938,2.4835346787882675,1.8553580628789326,1.8941006467354726,0.0,0.0,0.0,-0.14527180078699412,25,26,0.0,0.0,0.0,-0.10044944046678453,21,16,0.8752102851867676,0.7204707860946655,0.7905421257019043,0.9138951897621155,0.8774665594100952,pocket_guided
8FAH_HLA,boltz_results_restraint_8FAH_HLA_hydrophobic_17,5,0,0,0.6535614188434297,0.6588139268728032,0.6778394725592435,1.4715401194948365,1.702220183476745,0.5625,0.6605504587155964,0.2,0,0.6397883811863628,1.682273943711027,2.394864760598858,0.55,0.44,0.6333333333333333,0,0.6430564027846826,1.2362705763225716,1.5454074960231423,0.3656716417910448,0.5025641025641026,0.19672131147540983,0,0.6535614188434297,0.6588139268728032,0.5621690799009224,0.5230316400869738,1.281857631068953,1.140227938593475,2.3506781553251743,0.8826466361676522,1.9851654207630163,1.7861585428760895,1.4078434884518645,0.7407407407407407,0.8,0.7692307692307692,0.735721212040299,25,27,0.8181818181818182,0.8571428571428571,0.8372093023255814,0.8179998776589499,21,22,0.9185375571250916,0.9277704358100891,0.9460448026657104,0.9162293076515198,0.8803656101226807,y_early_b2
8FGX_BAC,boltz_results_8FGX_BAC,5,0,0,0.24409153903437286,0.020855670037381552,0.03190664732034581,14.395483822933604,27.891924945714536,0.0,0.0,1.0,0,0.009804692754417296,13.556484584359941,64.02682688674918,0.0,0.0,1.0,0,0.6905632770283555,1.0271560238984994,1.0792697335536845,0.4067796610169492,0.5614035087719298,0.09433962264150944,0,0.24409153903437286,0.020855670037381552,0.23667684897516014,0.020873014426147134,0.8368278024321978,0.5353122605543355,0.868045011525059,1.817272243961751,1.0111302898215062,0.5403535521723718,0.7872151360492006,0.037037037037037035,0.038461538461538464,0.03773584905660377,-0.08395268108933597,26,27,0.045454545454545456,0.05555555555555555,0.049999999999999996,-0.03722521855282973,18,22,0.8432634472846985,0.5976895093917847,0.6874754428863525,0.9046569466590881,0.8495062589645386,baseline
8FGX_BAC,boltz_results_restraint_8FGX_BAC_hbond_325,5,0,4,0.2921995105431026,0.1088694409060961,0.17134710613727222,6.676050494388406,14.8953995268757,0.22033898305084745,0.2524271844660194,0.7045454545454546,1,0.04639177567491998,8.706154555556411,32.26666409827463,0.045454545454545456,0.06060606060606061,0.9090909090909091,1,0.6588596498171156,1.0706344353204862,1.3582366166445206,0.3389830508474576,0.4878048780487805,0.13043478260869565,0,0.3101554565511422,0.12480797389481343,0.29356075018805605,0.10969853221611361,0.7876455265492331,1.2479951145800232,1.2567848020309764,2.3040139959336736,1.0364371907910843,0.5601183178493407,0.8970572575727007,0.4090909090909091,0.34615384615384615,0.37500000000000006,0.30610975409752766,26,22,0.3333333333333333,0.2777777777777778,0.303030303030303,0.2523103851828297,18,15,0.9109899401664734,0.7952718734741211,0.8465446829795837,0.9399195313453674,0.9270424842834473,contact_restraints
8FGX_BAC,boltz_results_restraint_to_A_8FGX_BAC_B_V_102,5,0,0,0.24168124860126408,0.020991525339543553,0.03206770041163244,14.029860447916032,27.905842701083923,0.0,0.0,1.0,0,0.009915350267454664,13.17400012391288,64.73683978862235,0.0,0.0,1.0,1,0.6830606951247051,1.0904062340370348,1.224616958769129,0.4152542372881356,0.5536723163841808,0.1694915254237288,0,0.24168124860126408,0.020991525339543553,0.23905016962802916,0.020931954739575022,0.8982565272709636,0.8018394412616195,1.1478783685965686,1.8629893292764617,1.1765787685709606,0.618446636298318,0.9184369995895428,0.02857142857142857,0.038461538461538464,0.03278688524590164,-0.1087505655865057,26,35,0.04,0.05555555555555555,0.046511627906976744,-0.04703682965312268,18,25,0.8594093322753906,0.6650140881538391,0.7391988635063171,0.9080080986022949,0.851763904094696,pocket_guided
8FGX_BAC,boltz_results_restraint_8FGX_BAC_hbond_295,5,0,3,0.30285122098099426,0.12681140235747163,0.2033395851519034,6.2026378772137,13.510279630987112,0.2711864406779661,0.2909090909090909,0.6862745098039216,0,0.05028321956303986,8.470027923853957,29.853996351089098,0.045454545454545456,0.05,0.9444444444444444,0,0.6549308582280395,1.1533780057470615,1.2012717679737068,0.3559322033898305,0.509090909090909,0.10638297872340426,0,0.30706249908105926,0.11424470243264329,0.2981341430022538,0.11336179004334221,0.8311784061807256,1.3693762273631933,1.2075755287684244,2.3627670777849232,0.8966163485607462,0.5069005768931244,0.8627446581233448,0.43478260869565216,0.38461538461538464,0.40816326530612246,0.34068723612570917,26,23,0.375,0.3333333333333333,0.35294117647058826,0.3035101843870958,18,16,0.9160251617431641,0.8144500851631165,0.8587626814842224,0.9414188861846924,0.9280274510383606,y_early_b2
8FXB_HLE,boltz_results_8FXB_HLE,5,0,2,0.31543068666038243,0.009088588141290042,0.008253793883635936,16.2769800316356,65.94925019043389,0.0,0.0,1.0,0,0.009923382398944148,14.792808610418533,60.12775354240191,0.0,0.0,1.0,0,0.9281148836985672,0.5674411213915116,1.1840769338779655,0.9285714285714286,0.9285714285714286,0.07142857142857142,0,0.32658262788657344,0.01161051037705652,0.32300171213198897,0.012073668850851598,0.6277905610242277,0.9797930471721712,0.7638594832899157,1.0176844722864853,0.6965900495074986,0.44061762708066005,0.46173762562008686,0.06451612903225806,0.10526315789473684,0.07999999999999999,-0.06000190969547004,19,31,0.0,0.0,0.0,-0.08727551210532644,9,23,0.875721275806427,0.6585155129432678,0.7444514036178589,0.930022656917572,0.9234615564346313,baseline
8FXB_HLE,boltz_results_restraint_8FXB_HLE_hydrophobic_16,5,0,0,0.9254398350324323,0.913742571699131,0.9138047340755264,0.6586318206911564,1.9121769953435468,0.9512195121951219,0.9397590361445783,0.07142857142857142,0,0.9136804093227356,0.4634940912356343,1.883470083665012,0.875,0.8235294117647058,0.2222222222222222,0,0.948834361699035,0.47825193221013174,0.7463190803689599,0.9464285714285714,0.954954954954955,0.03636363636363636,0,0.9254398350324323,0.913742571699131,0.5612300184691144,0.36968200812864466,0.5109928526904642,0.6117260597911254,0.5452076507356206,0.5034304505912361,0.5464848773598638,0.38534673719435064,0.4376546384917508,0.7272727272727273,0.8421052631578947,0.7804878048780488,0.7551914975163259,19,22,0.8888888888888888,0.8888888888888888,0.8888888888888888,0.8830749354005168,9,9,0.8756813406944275,0.6564838290214539,0.7416231632232666,0.9304806590080261,0.9202251434326172,contact_restraints
8FXB_HLE,boltz_results_restraint_to_A_8FXB_HLE_B_F_106,5,0,4,0.32350848846079955,0.01342581075020677,0.009268636941043622,16.203879736962058,60.57593494870115,0.0,0.0,1.0,0,0.017582984559369918,10.605715015940648,45.913323338788445,0.0,0.0,1.0,0,0.943673843881985,0.4728220353630991,0.7223283634942542,0.9285714285714286,0.9629629629629629,0.0,0,0.3266958426358686,0.014077058002486098,0.324720102388797,0.013839579618337327,0.5042073479192891,0.6518248532102847,0.5536263057609846,0.6037879892083454,0.4904385050481179,0.3986808866541224,0.34594967524058473,0.045454545454545456,0.05263157894736842,0.04878048780487805,-0.07222775823703358,19,22,0.0,0.0,0.0,-0.0712319855940447,9,16,0.8554300665855408,0.5955232977867126,0.6968679428100586,0.920406699180603,0.9075279235839844,pocket_guided
8FXB_HLE,boltz_results_restraint_8FXB_HLE_hydrophobic_16,5,0,0,0.9350453322981856,0.9318886731107627,0.8995923460630433,0.6471841617762522,1.8817964267400025,0.9024390243902439,0.9367088607594937,0.02631578947368421,0,0.9641850001584823,0.4696604470020979,1.156060472789033,1.0,0.9411764705882353,0.1111111111111111,0,0.9413586506730317,0.4890324562502769,0.7831522949546956,0.9285714285714286,0.9454545454545454,0.037037037037037035,0,0.9350453322981856,0.9318886731107627,0.9090776723282454,0.8924488590816871,0.509319829065076,0.47050071781531383,0.492476642262317,0.536319191486279,0.5593533539058803,0.30412759927696087,0.48590969490054087,0.8235294117647058,0.7368421052631579,0.7777777777777778,0.754758565036897,19,17,0.8888888888888888,0.8888888888888888,0.8888888888888888,0.8830749354005168,9,9,0.8861621022224426,0.707710862159729,0.7797544002532959,0.9307748675346375,0.9203225374221802,y_early_b2
8GH4_HLE,boltz_results_8GH4_HLE,5,0,2,0.23338430737319626,0.041631575817184546,0.06760113935006502,7.496589934449809,57.40973767598815,0.14285714285714285,0.15384615384615385,0.8333333333333334,0,0.015662012284304073,9.351122297724297,56.80445239464658,0.0,0.0,1.0,0,0.6168897704852198,1.2010187351801718,1.210466733041424,0.26119402985074625,0.3825136612021858,0.2857142857142857,0,0.3056591236593145,0.14939190792536666,0.2670464105199569,0.09236738497785602,0.809403953561232,1.6596281075561388,1.3712645979541465,2.402709630894444,1.4640173544774744,2.3480901999119337,2.0930237307532433,1.0,0.6,0.7499999999999999,0.7573812604140491,20,12,1.0,0.625,0.7692307692307693,0.7775728681078007,16,10,0.8921165466308594,0.7051216959953308,0.7636197805404663,0.9388652443885803,0.9314115643501282,baseline
8GH4_HLE,boltz_results_restraint_8GH4_HLE_hydrophobic_1,5,0,0,0.4514498866133721,0.3709558099949224,0.2785625866872921,3.808001600351318,8.005419439071101,0.17142857142857143,0.2608695652173913,0.45454545454545453,0,0.4633490333025527,2.0661517523827775,8.445188930509717,0.5416666666666666,0.48148148148148145,0.5666666666666667,0,0.6124380398502715,1.2763853133719618,1.1774611612981316,0.27611940298507465,0.4,0.27450980392156865,0,0.4514498866133721,0.3709558099949224,0.33224734556202923,0.1915623486760139,0.8515922228993352,1.2581787319286721,1.115243579428532,2.4749012164490383,1.4016048342501541,2.5583027372880593,2.2367218157761406,1.0,0.65,0.787878787878788,0.790482054478809,20,13,1.0,0.5,0.6666666666666666,0.6917330580909907,16,8,0.8454465866088867,0.5433233380317688,0.6560588479042053,0.9209773540496826,0.903454065322876,contact_restraints
8GH4_HLE,boltz_results_restraint_to_A_8GH4_HLE_C_L_92,5,0,4,0.2330373116634017,0.04200207090324201,0.06807484626609812,7.386046428938377,56.99540728651563,0.14285714285714285,0.15384615384615385,0.8333333333333334,0,0.015929295540385895,9.26405581645296,56.35850833211209,0.0,0.0,1.0,0,0.6151077931837211,1.2135779903362092,1.2222865460557892,0.26119402985074625,0.3783783783783784,0.3137254901960784,0,0.3470174856357027,0.21868096539532755,0.28250662726945464,0.11712246521930995,0.8150315737688637,1.659359165950549,1.3891452386221783,2.42880620383182,1.464787703078355,2.3497589108843906,2.1665680895394464,1.0,0.6,0.7499999999999999,0.7573812604140491,20,12,1.0,0.625,0.7692307692307693,0.7775728681078007,16,10,0.8908886909484863,0.697198212146759,0.7623360753059387,0.9393112659454346,0.9320073127746582,pocket_guided
8GH4_HLE,boltz_results_restraint_8GH4_HLE_hydrophobic_1,5,0,2,0.32811239136301235,0.19248022025989187,0.14370745184412467,5.068662777678231,15.280425953631662,0.11428571428571428,0.16666666666666666,0.6923076923076923,0,0.24125298867565906,2.8350626087644892,14.526847624616543,0.25,0.23529411764705882,0.7777777777777778,0,0.5993767335692534,1.3610519517424666,1.4007827658646823,0.27611940298507465,0.39572192513368987,0.3018867924528302,0,0.3839471487895499,0.2699791494536883,0.33652029258187455,0.19929448900271307,0.9436171531841642,1.7668624143660145,1.4504658802259032,2.387338245528184,1.4138840426213215,2.392179967609212,2.298743092667536,0.9285714285714286,0.65,0.7647058823529412,0.7570868726569615,20,14,1.0,0.5625,0.72,0.7356739877256884,16,9,0.8594717979431152,0.6590970754623413,0.7414082884788513,0.9095655083656311,0.8894631862640381,y_early_b2
8GHP_HLA,boltz_results_8GHP_HLA,5,0,3,0.262335443157742,0.009369114723523236,0.008388963603980754,14.259650325687817,70.76492392170452,0.0,0.0,1.0,1,0.010349265843065718,12.002676185663669,67.36831483531408,0.0,0.0,1.0,0,0.7682681000261794,1.1964625907746966,1.9931415654630997,0.7457627118644068,0.7927927927927928,0.15384615384615385,0,0.2742106058311091,0.011109398392099946,0.26463162922875655,0.010204079429777333,1.2003793841222128,0.8524598850389562,1.1926652178601476,1.1872504847973278,1.080897843500873,0.898418360066611,0.8004247642881113,0.0,0.0,0.0,-0.054010298431012044,15,28,0.0,0.0,0.0,-0.03948043127223024,11,21,0.8444268107414246,0.7459922432899475,0.8600960373878479,0.8690354228019714,0.8482745885848999,baseline
8GHP_HLA,boltz_results_restraint_8GHP_HLA_hbond_226,5,0,1,0.2955038951862553,0.05874940415518021,0.06558590169486789,8.031146453308654,45.29540100219775,0.12903225806451613,0.08602150537634409,0.9354838709677419,0,0.05191290661549252,9.832707099586054,50.32869957300931,0.10526315789473684,0.1,0.9047619047619048,0,0.7690128772484055,1.237085331528166,1.9674496274080437,0.7627118644067796,0.8108108108108109,0.1346153846153846,0,0.30348457446595273,0.055921246361901336,0.29198403828957764,0.05227788877876739,1.191941375511264,0.6660142514148841,1.0185036492875674,1.2665863338860324,1.039234151936199,0.7323154696430303,1.355491755165414,0.0967741935483871,0.2,0.13043478260869568,0.09055978254600501,15,31,0.19047619047619047,0.36363636363636365,0.25,0.2346607451808317,11,21,0.8344973921775818,0.6594973802566528,0.8085878491401672,0.8782473206520081,0.8244732618331909,contact_restraints
8GHP_HLA,boltz_results_restraint_to_A_8GHP_HLA_B_Y_106,5,0,4,0.26346845871565266,0.009531516407646348,0.008519814827738195,14.140100087913657,70.24374255240531,0.0,0.0,1.0,1,0.010543217987554502,11.854019949946162,66.93596467129814,0.0,0.0,1.0,0,0.7713423433316654,1.1855851812837293,1.8924419748850942,0.7457627118644068,0.7927927927927928,0.15384615384615385,0,0.27412851866333243,0.01115447593514473,0.26829629858952775,0.010114380131434859,1.190786663813183,0.7946921227896818,1.097013887888139,1.0919514285109504,1.0600907222050773,0.8679023694031762,0.9414141531580729,0.0,0.0,0.0,-0.05296610756519857,15,27,0.0,0.0,0.0,-0.04046278529015917,11,22,0.8528127074241638,0.7871553897857666,0.8843875527381897,0.8692269921302795,0.8476548790931702,pocket_guided
8GHP_HLA,boltz_results_restraint_8GHP_HLA_hydrophobic_7,5,0,1,0.3161336021730545,0.07756712520116915,0.07967853835257456,6.037703150141089,18.086950657612494,0.0,0.0,1.0,0,0.07545571204976374,7.0184069891595025,21.9839148365616,0.05263157894736842,0.06666666666666667,0.9090909090909091,0,0.7932665561168251,1.151064233612752,1.8705211435822968,0.7966101694915254,0.831858407079646,0.12962962962962962,0,0.32861257632919344,0.09905913931034696,0.3205292791575341,0.09002076962655173,1.1075846610811404,0.8917799208335522,1.0528216170419313,1.1265545767976983,0.8892808060117089,0.7085001003643392,0.8188027848211803,0.2916666666666667,0.4666666666666667,0.35897435897435903,0.33807915289955176,15,24,0.2631578947368421,0.45454545454545453,0.3333333333333333,0.32186162848903377,11,19,0.8203455209732056,0.548200786113739,0.7619236707687378,0.8883816599845886,0.8446617126464844,y_early_b2
8GP5_EFX,boltz_results_8GP5_EFX,5,0,2,0.2244394232255277,0.004703385596636582,0.0038757817822781693,25.888367215630772,93.0167216637556,0.0,0.0,0.0,0,0.005530989410994995,21.77131917554359,77.55844030759276,0.0,0.0,1.0,0,0.66391149848331,1.8536951184755588,1.861209619152309,0.6417910447761194,0.7049180327868853,0.21818181818181817,0,0.22708362052520178,0.004023189375267313,0.2234138091363807,0.005480945560198041,1.1347640966883845,1.0148289564888044,1.1300939908728906,4.087201199455393,1.9120713606764723,0.8804787382044754,0.8877479601236847,0.0,0.0,0.0,-0.05601383936852761,30,35,0.0,0.0,0.0,-0.034457531420435825,23,18,0.7834706902503967,0.6807438731193542,0.8243190050125122,0.809152364730835,0.8051138520240784,baseline
8GP5_EFX,boltz_results_restraint_8GP5_EFX_hydrophobic_17,5,0,0,0.6257998815261586,0.5650494201465901,0.5070365193854598,2.7716233359312272,4.635621848501898,0.5238095238095238,0.5365853658536586,0.45,0,0.6230623209077204,2.105727539011549,3.593703787370283,0.6842105263157895,0.7428571428571429,0.1875,0,0.7473008042852959,1.2905253376063395,1.6003839709006153,0.7014925373134329,0.7175572519083969,0.265625,0,0.6257998815261586,0.5650494201465901,0.5420669357339932,0.4402962171129171,1.1570446149081286,0.9245633500557888,0.9569890086592547,1.4686434585257813,1.9071844195057293,0.7288436840931993,0.9626628663505995,0.03225806451612903,0.03333333333333333,0.03278688524590164,-0.018019682964620372,30,31,0.0,0.0,0.0,-0.04252562581541219,23,27,0.8061482310295105,0.7567504048347473,0.789175808429718,0.8184977173805237,0.8106009364128113,contact_restraints
8GP5_EFX,boltz_results_restraint_to_A_8GP5_EFX_B_V_103,5,0,0,0.23060773936410753,0.00393532789842836,0.004763214982037603,26.01055260668347,80.6902328939247,0.0,0.0,1.0,1,0.003107440814819116,33.37461046998807,99.07744542791927,0.0,0.0,1.0,0,0.6839525622954659,1.840373883247044,2.483209410245647,0.7313432835820896,0.7538461538461538,0.2222222222222222,0,0.23060773936410753,0.00393532789842836,0.22257779037467645,0.006001820237283854,1.1887589029546033,0.9469959724943113,0.9306817268268962,3.9521830850148603,1.8091135832767402,0.7829915058796107,1.2499251486260463,0.01639344262295082,0.03333333333333333,0.02197802197802198,-0.05040907750100092,30,61,0.0,0.0,0.0,-0.054417090138551734,23,43,0.7731487154960632,0.6835194826126099,0.8153176307678223,0.7955560088157654,0.7853250503540039,pocket_guided
8GP5_EFX,boltz_results_restraint_8GP5_EFX_hbond_167,5,0,4,0.6180889486861467,0.5466029041541911,0.48501859775116324,2.8537255784706987,5.160959023948456,0.5079365079365079,0.5423728813559322,0.41818181818181815,0,0.6081872105572189,2.1340716212015294,3.396587881988144,0.631578947368421,0.7058823529411765,0.2,0,0.761061037750058,1.3838087333303288,2.204275648180434,0.8059701492537313,0.7883211678832117,0.22857142857142856,0,0.6182978653281003,0.5479797905973559,0.5950089302492466,0.5123469195839627,1.2287407843973905,0.9972170590052372,1.2643895924734116,1.5920406316858933,2.0152312047044476,0.9725352868205152,1.007174858860694,0.030303030303030304,0.03333333333333333,0.03174603174603175,-0.020785937986555425,30,33,0.0,0.0,0.0,-0.0391156462585034,23,23,0.8247426152229309,0.8368556499481201,0.8295325040817261,0.8217143416404724,0.8190378546714783,y_early_b2
8GQ1_HLC,boltz_results_8GQ1_HLC,5,0,2,0.7897812463229149,0.8572993134844766,0.8266346871078482,0.915618706547939,1.9219242880478977,0.8,0.8695652173913043,0.047619047619047616,0,0.887963939861105,0.8405215929045409,1.381077901553126,0.9285714285714286,0.896551724137931,0.13333333333333333,0,0.6547451119997912,0.9763478315851436,1.390235126300718,0.2878787878787879,0.4293785310734463,0.15555555555555556,0,0.797334300548275,0.8684496825328987,0.7900162917469988,0.8583066569715143,0.9356023333352782,0.7704619207175799,0.6710854020271079,1.653889335004478,1.0581961460288676,0.7728683218506972,0.7870265584245786,0.9583333333333334,0.9583333333333334,0.9583333333333334,0.9487179487179487,24,24,1.0,0.8947368421052632,0.9444444444444444,0.9373448978699495,19,17,0.9770993590354919,0.9664560556411743,0.9744271636009216,0.9797601699829102,0.9813608527183533,baseline
8GQ1_HLC,boltz_results_restraint_8GQ1_HLC_hydrophobic_20,5,0,0,0.7974001716791377,0.8684554765009957,0.8520779371446023,0.8835970644662183,1.3930886230408637,0.84,0.9032258064516129,0.023255813953488372,0,0.884833015857389,0.8625866611453251,1.3766830179411076,0.9285714285714286,0.8813559322033898,0.16129032258064516,0,0.6552895620354214,0.9707180527772228,1.4114182525532315,0.2878787878787879,0.42696629213483145,0.17391304347826086,0,0.7974001716791377,0.8684554765009957,0.789736287164767,0.8578005533473535,0.8531610306361683,0.8278451204092755,0.734029473029831,1.6273956012007549,0.930138850675108,0.8075058853540508,0.7640921565238944,0.9583333333333334,0.9583333333333334,0.9583333333333334,0.9487179487179487,24,24,1.0,0.8947368421052632,0.9444444444444444,0.9373448978699495,19,17,0.9770317077636719,0.9703329205513,0.977272629737854,0.978706419467926,0.981117844581604,contact_restraints
8GQ1_HLC,boltz_results_restraint_to_A_8GQ1_HLC_B_Y_53,5,0,2,0.7882650352718001,0.8555683679366517,0.8280895382634098,0.9660078856415665,1.7924074445422185,0.82,0.8913043478260869,0.023809523809523808,0,0.8830471976098937,0.8812333956456365,1.2996715359946767,0.9285714285714286,0.8666666666666667,0.1875,0,0.6536583699420971,0.9884502683512932,1.3368378876089402,0.2878787878787879,0.4293785310734463,0.15555555555555556,0,0.7972424255106697,0.8682982592498304,0.7894484896313775,0.857471314355146,0.9251303826574525,0.8153711738480848,0.70855143860557,1.7071594903326717,1.0841883274159112,0.7807922434872054,0.7494466791291508,0.9583333333333334,0.9583333333333334,0.9583333333333334,0.9487179487179487,24,24,1.0,0.8947368421052632,0.9444444444444444,0.9373448978699495,19,17,0.9772748351097107,0.9689252972602844,0.9762594103813171,0.9793621301651001,0.9808595776557922,pocket_guided
8GQ1_HLC,boltz_results_restraint_8GQ1_HLC_hbond_133,5,0,0,0.7946017206664097,0.8663665561888994,0.8469040463446408,0.8848446849263409,1.2491347417681544,0.82,0.8817204301075269,0.046511627906976744,0,0.8858290660331579,0.8577513917112505,1.3517604528565863,0.9285714285714286,0.8813559322033898,0.16129032258064516,0,0.6510720496214304,0.9968191172155455,1.4512800199255307,0.2878787878787879,0.42696629213483145,0.17391304347826086,0,0.7946017206664097,0.8663665561888994,0.7900003624321006,0.8599120585650184,0.9344591647124341,0.8822839968517452,0.6776489144988522,1.7064299447148967,0.985042712781779,0.7076720193745731,0.7643571598856208,0.9583333333333334,0.9583333333333334,0.9583333333333334,0.9487179487179487,24,24,1.0,0.8947368421052632,0.9444444444444444,0.9373448978699495,19,17,0.9772446751594543,0.9650960564613342,0.9732599258422852,0.9802817702293396,0.981982946395874,y_early_b2
8HES_HLC,boltz_results_8HES_HLC,5,0,3,0.15700147332947978,0.027310908946079765,0.028074060289730182,18.666205039653516,29.263310460563552,0.0,0.0,1.0,0,0.026547757602429344,19.52777425670396,30.117192566471687,0.0,0.0,1.0,0,0.4163826020962798,2.9960888327186193,4.72269794126334,0.2846153846153846,0.37755102040816324,0.4393939393939394,1,0.5600926899489457,0.5582891020191305,0.2725017194464959,0.14189805223524213,0.9506820944100713,0.9838400677172869,0.5840461714867995,8.566119265506188,1.1162792625982352,0.45438493179768974,3.9159250469375655,0.0,0.0,0.0,-0.13326926864161473,27,19,0.0,0.0,0.0,-0.07801373162525542,15,13,0.8357570767402649,0.5739696025848389,0.676677405834198,0.9012039303779602,0.8538908958435059,baseline
8HES_HLC,boltz_results_restraint_8HES_HLC_hbond_64,5,0,3,0.4550908608008162,0.40009199843841614,0.41838504260994486,2.3198967287044683,9.05753479789011,0.49206349206349204,0.5904761904761905,0.2619047619047619,1,0.3817989542668874,2.0997085429584557,7.572788648472154,0.25,0.2222222222222222,0.8,0,0.5650885855256164,1.6231495872899313,1.6090549780424785,0.2692307692307692,0.38461538461538464,0.3269230769230769,0,0.583190791368318,0.5922987248241076,0.44713254428185695,0.39515492054433266,0.9296207628177111,0.8656154335941315,0.7786917316473305,3.128927276467757,0.5931815060625346,0.7049639443271943,2.783653677459183,0.95,0.7037037037037037,0.8085106382978724,0.7940610720539155,27,20,0.7777777777777778,0.4666666666666667,0.5833333333333334,0.5782927904796532,15,9,0.833358108997345,0.5383471846580505,0.6563493013381958,0.907110869884491,0.8660327196121216,contact_restraints
8HES_HLC,boltz_results_restraint_to_A_8HES_HLC_B_Y_32,5,0,3,0.22802628545397222,0.05706888242846726,0.04433022711318183,9.979751561471517,47.10603427123079,0.07936507936507936,0.0970873786407767,0.875,0,0.0698075377437527,6.263239151816858,48.186526040056904,0.125,0.08695652173913043,0.9333333333333333,0,0.5699410915049822,1.6494325345624294,2.1134022052201993,0.3153846153846154,0.422680412371134,0.359375,0,0.5456065319143129,0.5339409465544991,0.27783621254283486,0.13716090910408235,0.9910304028190177,1.1215235099025331,0.7280187123504205,2.184297105598512,1.3003330592860534,0.5386367588142075,3.9944121551843708,0.75,0.5555555555555556,0.6382978723404256,0.598021690018219,27,20,0.5555555555555556,0.3333333333333333,0.4166666666666667,0.3947228750806843,15,9,0.8248170018196106,0.5255404710769653,0.641633927822113,0.8996361494064331,0.8565040230751038,pocket_guided
8HES_HLC,boltz_results_restraint_8HES_HLC_hbond_213,5,0,0,0.6973293168369957,0.7516240371248296,0.7089734039059229,1.4556618004534436,3.7902067678610423,0.7777777777777778,0.8099173553719008,0.15517241379310345,0,0.7942746703437363,1.0959664668833915,3.4881829863431455,0.875,0.5833333333333334,0.5625,0,0.588739876261328,1.5044420503330778,1.552969327256104,0.3,0.40414507772020725,0.38095238095238093,0,0.6973293168369957,0.7516240371248296,0.6243827042455774,0.653090541647621,0.8513562450563292,0.8051836356871628,0.576850352677547,1.8405578079177412,0.725286819321095,0.3953139048251663,3.666143502465755,0.9259259259259259,0.9259259259259259,0.9259259259259259,0.9138777331548416,27,27,0.875,0.9333333333333333,0.9032258064516129,0.8953354769496901,15,16,0.8292924761772156,0.5530804991722107,0.6654744744300842,0.8983454704284668,0.8507691621780396,y_early_b2
8HGM_CDB,boltz_results_8HGM_CDB,5,0,1,0.36524609778569445,0.2283659710138568,0.17414130930492436,5.46919541394024,15.366730901790596,0.21818181818181817,0.25263157894736843,0.7,0,0.2825906327227892,3.452137221516433,17.610119981751566,0.5,0.4444444444444444,0.6,1,0.6390063513293697,1.1365167622815475,1.8865058895271951,0.32867132867132864,0.4845360824742268,0.0784313725490196,0,0.757377689929455,0.7916156903665656,0.5014830422709733,0.40949493560597106,0.7402632773418644,0.8461462128909129,1.0262073538625915,2.167984342351196,3.059404696249771,0.5938112067633623,1.1265167118308153,0.5,0.5714285714285714,0.5333333333333333,0.47376399639727174,21,24,0.6,0.6,0.6,0.5664804469273743,15,15,0.8871840834617615,0.802291989326477,0.8540670871734619,0.9084070920944214,0.8689295649528503,baseline
8HGM_CDB,boltz_results_restraint_8HGM_CDB_hbond_81,5,0,0,0.7715427382957857,0.8141394433223721,0.7873605632316306,1.1557558592029755,3.4027810811540116,0.8727272727272727,0.8495575221238938,0.1724137931034483,0,0.8409183234131135,0.9126297179213669,4.343821577537581,1.0,0.8888888888888888,0.2,0,0.6863493282426131,0.8926927065311184,1.802719523320208,0.36363636363636365,0.5174129353233831,0.10344827586206896,0,0.7715427382957857,0.8141394433223721,0.5913600193500743,0.5458256397183512,0.7670691093238234,0.8187010466209858,0.9915891401767292,0.8536123247848239,1.2774928522768185,0.5989137235991341,1.1921049041495844,0.875,1.0,0.9333333333333333,0.9272683482117654,21,24,0.8823529411764706,1.0,0.9375,0.9340740062202173,15,17,0.8955065011978149,0.797664225101471,0.8518782258033752,0.919966995716095,0.8921473622322083,contact_restraints
8HGM_CDB,boltz_results_restraint_8HGM_CDB_hbond_81,5,0,0,0.7588012103185334,0.7958065483821588,0.7146874443082578,1.0276375453563098,4.611698575078646,0.6909090909090909,0.7524752475247525,0.17391304347826086,0,0.8769256524560599,0.82709808016169,3.3733508321881978,1.0,0.8421052631578947,0.2727272727272727,0,0.6847905341912829,0.8971938991192084,1.3553178116676372,0.34265734265734266,0.5,0.07547169811320754,0,0.7588012103185334,0.7958065483821588,0.668866957470567,0.6577377566304565,0.7315140712186028,0.6059066921480127,1.0491539076338652,0.9423979669440139,1.286997935370769,0.6332222557869643,1.223211631491057,0.9047619047619048,0.9047619047619048,0.9047619047619048,0.8932012111202863,21,21,0.8571428571428571,0.8,0.8275862068965518,0.8142420751574052,15,14,0.8786749243736267,0.7265108227729797,0.7963838577270508,0.9167158603668213,0.8861960172653198,y_early_b2
8HLB_BCA,boltz_results_8HLB_BCA,5,0,2,0.24638067877623412,0.026308264150835328,0.036842885633933446,11.594165432143068,42.47180656245472,0.05555555555555555,0.04819277108433735,0.9574468085106383,0,0.01577364266773721,16.21096904382767,42.28873992464262,0.0,0.0,1.0,0,0.6865255080270317,1.0504127887610442,1.4098770547977204,0.4153846153846154,0.5454545454545454,0.20588235294117646,0,0.24963010267220342,0.03106312830823118,0.24765101650240723,0.028176581825807234,0.938785663535586,0.8766291929266092,1.205672773945514,0.8004781267792087,1.5571963045256152,1.1223337482157163,1.2761521281240706,0.28125,0.36,0.3157894736842105,0.08814825547070534,25,32,0.3333333333333333,0.25,0.28571428571428575,0.15890330854706752,20,15,0.8870596885681152,0.7281064391136169,0.8136788010597229,0.9267980456352234,0.9042147397994995,baseline
8HLB_BCA,boltz_results_restraint_8HLB_BCA_hydrophobic_7,5,0,0,0.5105559304418151,0.4217098562475836,0.413227364445416,1.9815826482619197,6.974534248392745,0.2777777777777778,0.35714285714285715,0.5,0,0.43019234804975115,2.156944748194595,7.233354448828014,0.38461538461538464,0.3225806451612903,0.7222222222222222,0,0.6882480788302782,1.049722438005046,1.484281195638013,0.4230769230769231,0.5583756345177665,0.1791044776119403,0,0.5105559304418151,0.4217098562475836,0.31732207744286817,0.13261463871021847,0.8953969918358214,1.0450566236956513,0.9093022081022005,0.7186637872203866,1.5529946208832999,1.1535970554252406,1.3362155771090145,0.6956521739130435,0.64,0.6666666666666666,0.5767691543722907,25,23,0.5714285714285714,0.4,0.47058823529411764,0.38769905726763276,20,14,0.877940833568573,0.84363853931427,0.8914145231246948,0.8865164518356323,0.8614189028739929,contact_restraints
8HLB_BCA,boltz_results_restraint_to_A_8HLB_BCA_C_Y_32,5,0,2,0.2465979956058857,0.026207502742213482,0.03673017419995028,11.628224555481069,42.61206502784745,0.05555555555555555,0.047619047619047616,0.9583333333333334,1,0.01568483128447668,16.2219308247133,42.433941448541624,0.0,0.0,1.0,1,0.68737898133323,1.045123004240659,1.4007855650175596,0.4153846153846154,0.5454545454545454,0.20588235294117646,1,0.2493150522089863,0.03104682314119001,0.2475523200922567,0.028123520048266893,0.9385236380447324,0.8571821647703456,1.1842058966012694,0.7971020639827009,1.607119515324435,1.1403353795328994,1.2683219239821304,0.2903225806451613,0.36,0.3214285714285714,0.09970178506869418,25,31,0.3333333333333333,0.25,0.28571428571428575,0.15890330854706752,20,15,0.893349826335907,0.7477269172668457,0.8268817067146301,0.9297555088996887,0.9094833135604858,pocket_guided
8HLB_BCA,boltz_results_restraint_8HLB_BCA_hbond_6,5,0,0,0.5010625312658527,0.4069217639294446,0.4056017628080932,2.1756895593752787,7.099400070142519,0.3055555555555556,0.39285714285714285,0.45,0,0.40824176505079607,2.224435277033291,7.4432886318130045,0.34615384615384615,0.3333333333333333,0.6785714285714286,0,0.6893440659386686,1.0420624445978146,1.269936090054523,0.4153846153846154,0.5510204081632653,0.18181818181818182,0,0.5010625312658527,0.4069217639294446,0.29751506470789957,0.10533465025527063,0.9106421738032915,0.7151849320829589,0.7759043541330172,0.6961961399654907,1.5174745639941547,1.2219961876805965,1.1920329229054918,0.75,0.6,0.6666666666666665,0.5898525552894632,25,20,0.5454545454545454,0.3,0.3870967741935483,0.3161349371355116,20,11,0.8638725280761719,0.763427734375,0.8364410400390625,0.8889837861061096,0.8595268130302429,y_early_b2
8HLB_DEA,boltz_results_8HLB_DEA,5,0,3,0.20964742584209406,0.018487817388225573,0.019320555400198763,12.812384479281047,39.414655042091304,0.0,0.0,1.0,1,0.017655079376252387,18.673687848829772,38.46693192110584,0.0,0.0,1.0,0,0.591966642749831,1.4180286886162878,2.424644524001354,0.3230769230769231,0.45161290322580644,0.25,0,0.21513007557054953,0.021253677354694397,0.21110493000333289,0.019286428489933012,1.2314527968674476,1.9667936572529017,0.7659573405213058,1.7973456121534337,0.5598481002745098,1.1371209977378105,1.202077515064235,0.0,0.0,0.0,-0.18334997140046252,15,20,0.0,0.0,0.0,-0.12067769800636945,9,16,0.9042237401008606,0.8114587664604187,0.8676581978797913,0.9274149537086487,0.9198459386825562,baseline
8HLB_DEA,boltz_results_restraint_8HLB_DEA_hbond_228,5,0,1,0.25309155394835176,0.08112805399632941,0.13205815339237276,5.427598833220994,33.492673353323106,0.2647058823529412,0.32727272727272727,0.5714285714285714,0,0.03019795460028606,7.556010797513549,36.04535046837296,0.0,0.0,1.0,0,0.5970185538523963,1.3913757803547346,2.3236794567794106,0.3230769230769231,0.45652173913043476,0.2222222222222222,0,0.2563005122475433,0.08189879854005253,0.2532029022277756,0.08061888385516723,1.2227460469087121,1.955707280176819,0.6485370538491824,1.6892043838159445,0.6734049975009564,0.9996010054704959,1.2161973474178671,0.18181818181818182,0.26666666666666666,0.21621621621621623,0.06952130496129313,15,22,0.21428571428571427,0.3333333333333333,0.2608695652173913,0.1862097306809647,9,14,0.8756564259529114,0.66929692029953,0.7685638070106506,0.9272462725639343,0.9036563038825989,contact_restraints
8HLB_DEA,boltz_results_restraint_to_A_8HLB_DEA_B_W_50,5,0,3,0.20939435679663562,0.01807988655453474,0.01898045645390709,13.023578233960304,39.69165967462188,0.0,0.0,1.0,0,0.01717931665516239,19.612440056092847,38.832153763934734,0.0,0.0,1.0,0,0.5920232972808374,1.4699381332868104,2.0922677012055773,0.3230769230769231,0.44680851063829785,0.27586206896551724,1,0.21471974134640714,0.02088020193982907,0.21117165309155012,0.0192922297963253,1.175354900641273,1.7417265012005994,0.6655714296929343,2.3792139355206436,0.4993299321151493,1.1495381274386116,1.2830511332038863,0.0,0.0,0.0,-0.1889072881627786,15,21,0.0,0.0,0.0,-0.12067769800636945,9,16,0.8980030417442322,0.8501541614532471,0.8965899348258972,0.9099652767181396,0.894365131855011,pocket_guided
8HLB_DEA,boltz_results_restraint_8HLB_DEA_hydrophobic_25,5,0,1,0.377824806164162,0.26437931606265386,0.32476538524962173,2.5571940368270005,16.084604148626866,0.5,0.53125,0.43333333333333335,0,0.20399324687568599,3.3105168368592333,18.853786417502075,0.2727272727272727,0.17647058823529413,0.8695652173913043,0,0.6047157863671782,1.4040672657288789,1.9422166636885452,0.33076923076923076,0.45989304812834225,0.24561403508771928,0,0.45816154583788266,0.38565028578823457,0.31694439592076457,0.1738125681269575,1.147426855788208,1.6116902601831695,0.6510551362891862,1.861488310189702,0.5068485633636323,0.9884927264553939,1.2805176980110786,0.65,0.8666666666666667,0.7428571428571429,0.7065085564631156,15,20,0.5833333333333334,0.7777777777777778,0.6666666666666666,0.640938273027127,9,12,0.8607320189476013,0.7348296046257019,0.8140531182289124,0.8922075629234314,0.870409369468689,y_early_b2
8IDN_HLA,boltz_results_8IDN_HLA,5,0,3,0.2373800789506564,0.00962178521925906,0.010559054593390972,13.576811281366544,60.08823419218716,0.0,0.0,1.0,1,0.008684515845127146,17.14042077935204,61.992202943036425,0.0,0.0,1.0,0,0.6928966664134512,1.5636249057922584,2.1869937855964072,0.6615384615384615,0.6666666666666666,0.328125,0,0.24783808279278904,0.013643387387499137,0.24328672512446184,0.012356641011399017,1.0266188584116285,2.080432571922292,1.2944822661381714,3.9400607208456044,1.1586084316376037,0.788858098272047,1.7238031636123408,0.0,0.0,0.0,-0.18142701994161384,32,28,0.0,0.0,0.0,-0.1206896551724138,21,21,0.8579397201538086,0.607438325881958,0.7074021697044373,0.9205650687217712,0.8927143812179565,baseline
8IDN_HLA,boltz_results_restraint_8IDN_HLA_hbond_175,5,0,1,0.25397005094190045,0.01520068692330366,0.011036294247529402,13.1753431554097,59.03017753813036,0.0,0.0,1.0,1,0.01936507959907792,11.331478903165415,41.174974517001154,0.0,0.0,1.0,0,0.7315087789790939,1.4124784632151104,1.8059032920434575,0.7076923076923077,0.7022900763358778,0.30303030303030304,0,0.25409602767316464,0.015487704121502967,0.24898663802503065,0.015100413084258763,0.98628273437201,2.0980257498770496,0.9565588957321842,3.451154271506558,0.8600436559372422,0.76418785372813,1.2468969962902492,0.10526315789473684,0.0625,0.0784313725490196,-0.05219808471154235,32,19,0.07692307692307693,0.047619047619047616,0.058823529411764705,-0.026527905453864555,21,13,0.8263513445854187,0.5019822120666504,0.6280388832092285,0.9074437022209167,0.8807041645050049,contact_restraints
8IDN_HLA,boltz_results_restraint_to_A_8IDN_HLA_C_Y_34,5,0,3,0.23702731558687454,0.009618601920969604,0.010552414918717954,13.578283898476846,60.11533105077065,0.0,0.0,1.0,1,0.008684788923221255,17.139807012046298,61.99172542871388,0.0,0.0,1.0,0,0.6918447429186845,1.5718980063239334,2.1967868080402257,0.6615384615384615,0.6666666666666666,0.328125,0,0.2535893479686089,0.015442282569499519,0.24361807600526983,0.012719327426094246,1.0268001980118298,2.082777951297384,1.2887614675609906,3.9275886210616977,1.1567565686972185,0.7865089474665267,1.8462968198009126,0.0,0.0,0.0,-0.1776267739252011,32,27,0.0,0.0,0.0,-0.1206896551724138,21,21,0.8685886263847351,0.6559126377105713,0.7467542886734009,0.921757698059082,0.8941518068313599,pocket_guided
8IDN_HLA,boltz_results_restraint_8IDN_HLA_hbond_150,5,0,1,0.49287604322254314,0.39128429795793446,0.5270964785951257,1.9219134298228875,3.4311823749413404,0.34285714285714286,0.38095238095238093,0.5714285714285714,0,0.25547211732074326,4.209428665952956,7.460499747798858,0.08888888888888889,0.10666666666666667,0.8666666666666667,0,0.6960595337517604,1.612609403634256,2.5636718055608454,0.7076923076923077,0.7022900763358778,0.30303030303030304,0,0.5010228574153103,0.3999976362128961,0.4829483586415342,0.37508067152755853,1.0446953956140355,2.2677168693112746,1.2613067303318917,4.188216184450776,1.223487290634295,0.7488202277383195,1.4611781391563767,0.88,0.6875,0.7719298245614036,0.741245671931123,32,25,0.7857142857142857,0.5238095238095238,0.6285714285714286,0.6083014363923215,21,14,0.8285156488418579,0.5511386394500732,0.6650109887123108,0.8978598117828369,0.8701194524765015,y_early_b2
8IV4_ABG,boltz_results_8IV4_ABG,5,0,0,0.45743364011015886,0.3638429402273299,0.4146456512362078,2.6054509121781315,11.768570387146855,0.6521739130434783,0.6666666666666666,0.3181818181818182,0,0.313040229218452,2.5250157141297676,15.628748747146428,0.45,0.32727272727272727,0.7428571428571429,2,0.6446150398758168,1.7023387036817288,2.0495427668895716,0.5517241379310345,0.6095238095238096,0.3191489361702128,0,0.45743364011015886,0.3638429402273299,0.4459667420507854,0.34793326236598743,0.9791436655731318,1.169085225594683,1.151414148035885,4.611428936412164,1.2234257358947223,0.33244997752120514,1.2311820347625138,0.5714285714285714,0.8571428571428571,0.6857142857142857,0.6722301380475805,14,21,0.36363636363636365,0.5714285714285714,0.4444444444444444,0.4306113423733485,7,11,0.8823227286338806,0.6511626243591309,0.7359311580657959,0.9401127696037292,0.9261011481285095,baseline
8IV4_ABG,boltz_results_restraint_8IV4_ABG_hbond_215,5,0,3,0.433477318042968,0.33112324927150094,0.3729346922947103,2.6674402148129275,12.583035249326972,0.5652173913043478,0.5777777777777777,0.4090909090909091,0,0.28931180624829156,2.584925519803642,16.192527619301664,0.4,0.2807017543859649,0.7837837837837838,1,0.638185455585902,1.7278129078563396,2.2766970207219033,0.5517241379310345,0.6153846153846154,0.30434782608695654,0,0.45497159711195295,0.35985139457436893,0.4417729598975483,0.34173063441649976,1.0179685322766454,1.148332673669013,1.085573966114051,4.621555744913535,1.3231584154101113,0.39000014027896496,1.3938856968774611,0.4583333333333333,0.7857142857142857,0.5789473684210527,0.5607371571000355,14,24,0.3333333333333333,0.5714285714285714,0.4210526315789474,0.4092700402195274,7,12,0.9014577865600586,0.7176973223686218,0.7856935262680054,0.9473978877067566,0.9350175261497498,contact_restraints
8IV4_ABG,boltz_results_restraint_8IV4_ABG_hbond_269,5,0,1,0.4491789799113545,0.3513026548885353,0.41908217274054166,2.584857253284361,10.483713963593164,0.6086956521739131,0.6666666666666666,0.2631578947368421,0,0.28352313703652887,2.5475019908508454,14.99738895115722,0.35,0.2545454545454545,0.8,0,0.6449316299569929,1.695242891312348,2.071293772174246,0.5517241379310345,0.6274509803921569,0.2727272727272727,0,0.4554776984206879,0.3608188052968978,0.4511332620058493,0.35878820149889135,0.9832374336431282,1.2790250643913519,1.1484094210844602,4.580675211041561,1.3721467546072836,0.3930311809180542,1.2775056292892548,0.5,0.7857142857142857,0.6111111111111112,0.5913232278860509,14,22,0.7142857142857143,0.7142857142857143,0.7142857142857143,0.7035905271199389,7,7,0.8902425765991211,0.6851000189781189,0.7611955404281616,0.9415282607078552,0.9257276654243469,y_early_b2
8IV4_HLG,boltz_results_8IV4_HLG,5,0,3,0.2882439384413185,0.04404660326604335,0.015936378663891637,14.60901361518271,43.1366781484008,0.0,0.0,1.0,0,0.07215682786819506,8.587660549147618,17.731158703708896,0.0,0.0,1.0,0,0.7766386087918687,0.9993869144526102,1.645495530191265,0.673469387755102,0.6804123711340206,0.3125,0,0.3144399210302679,0.06847784736707545,0.2914118192199565,0.042170311263810246,0.9333927015950011,1.2630227649499233,0.9008265136167436,1.577094284013245,0.7053792265988672,0.47484912388134604,2.0492413306792545,0.1875,0.35294117647058826,0.24489795918367344,0.15698136431777882,17,32,0.25,0.4,0.3076923076923077,0.24291471410887155,15,24,0.8773980140686035,0.7416953444480896,0.8023909330368042,0.9113236665725708,0.873936116695404,baseline
8IV4_HLG,boltz_results_restraint_8IV4_HLG_salt_bridge_1,5,0,1,0.31804798162309117,0.0768695532852367,0.016718893705727586,13.369626178814475,42.928996543001674,0.0,0.0,1.0,0,0.13702021286474583,8.110168517481624,15.008649161548387,0.13513513513513514,0.13513513513513514,0.8648648648648649,0,0.8004048382988002,0.9388773747918693,1.5349168335042074,0.7142857142857143,0.7291666666666666,0.2553191489361702,0,0.31943288290226474,0.07462987918040162,0.3089633475590055,0.06303649374864737,0.8722632535268244,0.9440986997982367,0.8822246307228281,1.3666091649166403,1.128784741289839,0.5687667398928,1.885828680917711,0.22580645161290322,0.4117647058823529,0.29166666666666663,0.2131156194752192,17,31,0.3181818181818182,0.4666666666666667,0.3783783783783784,0.3225116489761876,15,22,0.8678638339042664,0.6865308284759521,0.760391116142273,0.9131971001625061,0.8820639252662659,contact_restraints
8IV4_HLG,boltz_results_restraint_8IV4_HLG_hbond_85,5,0,0,0.4840893304435565,0.32367511406977517,0.32150467092044316,2.496331469074955,14.17585792761493,0.43478260869565216,0.3508771929824561,0.7058823529411765,0,0.3258455572191072,2.697843205980923,12.711952343904729,0.43243243243243246,0.5079365079365079,0.38461538461538464,0,0.8049177631911192,0.913782977217903,1.465509852058756,0.7142857142857143,0.7142857142857143,0.2857142857142857,0,0.4840893304435565,0.32367511406977517,0.3177157959659086,0.09399032492915546,0.9103552480478935,1.1538210246062828,1.1617823186627139,1.2405574294836132,0.9893973982600169,0.5316065452710159,1.853900217246239,0.6363636363636364,0.8235294117647058,0.717948717948718,0.6940651413640806,17,22,0.631578947368421,0.8,0.7058823529411765,0.6837548136491545,15,19,0.8853120803833008,0.8000282049179077,0.846644937992096,0.9066330790519714,0.8787680864334106,y_early_b2
8IV5_ABG,boltz_results_8IV5_ABG,5,0,2,0.3051073832304725,0.07272487533432,0.038100876248377984,10.104315896708455,26.585893677795728,0.0,0.0,1.0,0,0.10734887442026202,6.873198248215198,13.746742691123096,0.0,0.0,1.0,1,0.7698723990227775,1.204875858910589,1.9129543218494944,0.75,0.8108108108108109,0.11764705882352941,0,0.31590736257550517,0.08431707240515986,0.2872172987699176,0.04521305905525627,1.1225730415009632,0.7936623123988481,0.6136688894232082,1.8367528599514296,1.1045567301366204,0.8267538284613098,1.046110644991294,0.2,0.2,0.20000000000000004,0.10804597701149425,20,20,0.2,0.21428571428571427,0.20689655172413796,0.14301135597665474,14,15,0.8842536807060242,0.7770065665245056,0.8330011367797852,0.9110654592514038,0.8729774355888367,baseline
8IV5_ABG,boltz_results_restraint_8IV5_ABG_salt_bridge_0,5,0,0,0.75250328542257,0.7364786786322898,0.8089723401324228,1.0345200141957838,2.0761785528279644,0.8055555555555556,0.8055555555555556,0.19444444444444445,1,0.6639850171321567,1.4109445221285604,4.127214889923808,0.6521739130434783,0.7317073170731707,0.16666666666666666,1,0.7845524990031302,1.1612056479868715,1.6959918022475593,0.7666666666666667,0.8141592920353983,0.1320754716981132,0,0.75250328542257,0.7364786786322898,0.5483321906932196,0.43702540516447375,1.1325839555970236,1.065059405868315,0.5828533641700208,1.5764002778217052,1.0850924931416046,0.8351896647547862,0.9764069977905087,0.9,0.9,0.9,0.8885057471264368,20,20,0.9285714285714286,0.9285714285714286,0.9285714285714286,0.9230158730158731,14,14,0.9103012084960938,0.8812318444252014,0.9100729823112488,0.9175685048103333,0.8975094556808472,contact_restraints
8IV5_ABG,boltz_results_restraint_8IV5_ABG_hbond_34,5,0,0,0.7894138532736386,0.7958537539011117,0.8073603042964859,0.8954728507020443,1.6753073059834729,0.7222222222222222,0.8125,0.07142857142857142,0,0.7843472035057376,1.0769603122596259,1.865272095342648,0.7391304347826086,0.7555555555555555,0.22727272727272727,0,0.7765340520186924,1.172748612887245,1.75818227711113,0.75,0.8035714285714286,0.1346153846153846,0,0.7894138532736386,0.7958537539011117,0.6617251538945127,0.5997903554776817,1.204090441529474,1.2392440740346669,0.8017488388470903,1.527963773271614,1.1176232186644663,0.7901021543092704,0.8105231888213368,0.8947368421052632,0.85,0.8717948717948718,0.857827255357726,20,19,0.9285714285714286,0.9285714285714286,0.9285714285714286,0.9230158730158731,14,14,0.908803403377533,0.8868086338043213,0.9127781987190247,0.9143019914627075,0.8890154957771301,y_early_b2
8IVA_CEG,boltz_results_8IVA_CEG,5,0,4,0.2790181230157641,0.08165413815623211,0.1262323307911776,6.044888785069551,28.32785069616184,0.23809523809523808,0.14925373134328357,0.8913043478260869,0,0.03707594552128663,7.319559045218468,30.764364675834123,0.0,0.0,1.0,1,0.6737460927348281,1.7715953079370301,2.20367420345147,0.6666666666666666,0.7079646017699115,0.24528301886792453,0,0.3610724028909124,0.19447266306546696,0.29869349884894286,0.09935442707236623,0.9555470326514456,0.6254922935928907,0.4695823683806319,4.415493661659645,1.315590218766447,1.028527867229189,0.7521604332529597,0.45,0.6428571428571429,0.5294117647058824,0.49504431548399,14,20,0.3125,0.5555555555555556,0.39999999999999997,0.379317549226853,9,16,0.8671448826789856,0.6280320882797241,0.7294878363609314,0.9269230365753174,0.8989750146865845,baseline
8IVA_CEG,boltz_results_restraint_8IVA_CEG_hbond_73,5,0,4,0.2817278757801677,0.08085192164274632,0.12542402802727315,6.088953707538895,28.63818380849919,0.23809523809523808,0.14285714285714285,0.8979591836734694,0,0.0362798152582195,7.399058222714003,31.134724886370844,0.0,0.0,1.0,1,0.6834797840550104,1.7558464789018302,2.358074578060902,0.7,0.7241379310344828,0.25,0,0.4932059698296964,0.39475472914288423,0.34408709290002437,0.1652669094312404,0.9540047799515405,0.6295507712140149,0.5407315206345813,4.389797842361909,1.1967439109704807,0.946490553505965,0.7663692187567637,0.4,0.5714285714285714,0.47058823529411764,0.42953367619074717,14,20,0.3333333333333333,0.5555555555555556,0.4166666666666667,0.3949182569892743,9,15,0.8651089668273926,0.611328661441803,0.7172240614891052,0.9285539984703064,0.9013676047325134,contact_restraints
8IVA_CEG,boltz_results_restraint_8IVA_CEG_hbond_257,5,0,3,0.29580751565094254,0.09840893498896294,0.11281178773179042,5.944286153548445,27.347677411159363,0.19047619047619047,0.1111111111111111,0.9215686274509803,0,0.08400608224613548,6.415808620391563,27.181409780863714,0.1111111111111111,0.13793103448275862,0.8181818181818182,0,0.6906046769749018,1.7355929068531049,1.714402178707345,0.6833333333333333,0.7130434782608696,0.2545454545454545,0,0.6114721040722636,0.5764937138608569,0.5148170324457252,0.42839040995410144,0.9729044391847558,0.5684373595367957,0.46058509779672313,4.184492795084157,1.6462209725067485,1.2550754509963744,0.9999820698747633,0.38461538461538464,0.7142857142857143,0.5,0.47502298884638644,14,26,0.2777777777777778,0.5555555555555556,0.3703703703703704,0.35181281543683207,9,18,0.8940890431404114,0.7687625885009766,0.8305099606513977,0.9254206418991089,0.8981915712356567,y_early_b2
8IVX_HLA,boltz_results_8IVX_HLA,5,0,4,0.18158708585971914,0.006413132881340643,0.007505327362583111,18.767196752444907,66.30522364257334,0.0,0.0,1.0,0,0.005320938400098175,21.585914273745324,80.02120057807193,0.0,0.0,1.0,1,0.5319349918164761,2.058075047769812,2.1985785525748005,0.3115942028985507,0.4195121951219512,0.3582089552238806,0,0.21488408795980773,0.02901121256414092,0.19721544328571852,0.015645712681947553,0.8862452180846794,1.071645417805153,1.0681073294086756,5.447416777635431,0.7988578329009937,0.6862197671878774,2.4711187097376417,0.034482758620689655,0.03571428571428571,0.03508771929824562,-0.030606924868882206,28,29,0.0,0.0,0.0,-0.05041357197424774,27,17,0.8549374938011169,0.7604972124099731,0.7912976741790771,0.8785475492477417,0.860565721988678,baseline
8IVX_HLA,boltz_results_restraint_8IVX_HLA_hbond_311,5,0,0,0.23384507970678436,0.02970717593065894,0.04953412618714181,14.238425618347325,24.98572240412491,0.03389830508474576,0.043478260869565216,0.9393939393939394,0,0.009880225674176077,16.373638267014798,57.59256133723436,0.0,0.0,1.0,1,0.6421208872590353,1.1124842517488587,1.5043237676324102,0.3115942028985507,0.4387755102040816,0.25862068965517243,0,0.23384507970678436,0.02970717593065894,0.21294170217541564,0.030877060601118323,0.8561659271234302,0.9101010856061013,1.2479296228018055,1.743734933933881,0.9607240948011883,0.6170368958217655,2.2341945070478335,0.2413793103448276,0.25,0.24561403508771928,0.1942910819758906,28,29,0.25,0.2222222222222222,0.23529411764705882,0.18956956641583744,27,24,0.8119291663169861,0.576964259147644,0.7198494672775269,0.8706703782081604,0.8301565647125244,contact_restraints
8IVX_HLA,boltz_results_restraint_to_A_8IVX_HLA_C_V_29,5,0,2,0.19431625689688495,0.0094067400733315,0.010131521178769842,14.163999059504306,60.58518331117732,0.0,0.0,1.0,1,0.008681958967893158,13.02636802942731,74.1805488919571,0.0,0.0,1.0,0,0.5641352905439919,1.9319136368565442,2.0162526899400715,0.3695652173913043,0.4788732394366197,0.32,0,0.21117104031263137,0.02773107177964174,0.2010476585306394,0.017040177994277483,0.8625810626585376,0.6645364327296651,0.8560979971909721,5.068846260604359,0.5340086237574877,0.4372810617434915,2.2653239852867637,0.08333333333333333,0.10714285714285714,0.09375,0.02527470207348205,28,36,0.125,0.1111111111111111,0.11764705882352941,0.06458786112398002,27,24,0.8604860305786133,0.8369762301445007,0.8656177520751953,0.8663634657859802,0.8287554979324341,pocket_guided
8IVX_HLA,boltz_results_restraint_8IVX_HLA_hbond_175,5,0,0,0.3148993620493202,0.19445742710031388,0.14789439330589052,6.4387541297863,13.283477524597403,0.1016949152542373,0.13333333333333333,0.8064516129032258,0,0.24102046089473728,3.313532912444251,13.621550753025181,0.2727272727272727,0.1935483870967742,0.85,0,0.5557832319473327,1.9128501618016853,1.7240149625381478,0.32608695652173914,0.4368932038834951,0.3382352941176471,0,0.3148993620493202,0.19445742710031388,0.2403840223624382,0.06514134669668838,0.9186684135825495,0.7530046643021909,1.2012499794599507,5.160989082504079,0.724164336014857,0.47603149041400683,1.9785437538407105,0.391304347826087,0.32142857142857145,0.35294117647058826,0.31590414061030553,28,23,0.35,0.25925925925925924,0.29787234042553196,0.26308530329068863,27,20,0.8236806988716125,0.6510117650032043,0.7143546342849731,0.8668478727340698,0.855256199836731,y_early_b2
8IX3_HLG,boltz_results_8IX3_HLG,5,0,3,0.21423492982646294,0.03833806100373632,0.06426066165541326,10.570835052678548,33.08078133524056,0.1111111111111111,0.08247422680412371,0.9344262295081968,0,0.01241546035205939,11.020380594704905,60.98361034032166,0.0,0.0,1.0,2,0.5660286674719162,2.1939147762352698,3.415013930562622,0.5185185185185185,0.6,0.288135593220339,1,0.3271557502795929,0.2000514622905582,0.23197884833674967,0.05813215186256522,0.9601500539842392,1.0554206781629492,2.1154982317521918,5.1126742604895865,1.2292834008350115,1.097380352727679,1.521700781329031,0.0967741935483871,0.21428571428571427,0.13333333333333333,0.041475038313422204,14,31,0.09090909090909091,0.2,0.12500000000000003,0.06366852758263583,10,22,0.887701153755188,0.9227085709571838,0.9396975040435791,0.8789492249488831,0.8328505158424377,baseline
8IX3_HLG,boltz_results_restraint_8IX3_HLG_hbond_28,5,0,1,0.2532024526376307,0.06250061663444507,0.09248342718795026,10.358115961154287,32.93005371237648,0.19444444444444445,0.16470588235294117,0.8571428571428571,2,0.03251780608093988,8.355266221540312,31.89054046675412,0.0,0.0,1.0,1,0.6346061246440019,2.44541624415863,1.3297914926487668,0.654320987654321,0.726027397260274,0.18461538461538463,1,0.3564198628846485,0.23974103486371107,0.24861358581942533,0.07382655134765752,0.7254202492918801,0.9223607707992859,0.5711089664941317,6.70768881109146,0.74566096041787,0.9030257313476284,1.0275064416694306,0.44,0.7857142857142857,0.5641025641025641,0.546740471551938,14,25,0.4090909090909091,0.9,0.5625000000000001,0.5783224588756087,10,22,0.897435188293457,0.8761164546012878,0.9070408940315247,0.9027648568153381,0.8471255302429199,contact_restraints
8IX3_HLG,boltz_results_restraint_8IX3_HLG_hbond_28,5,0,1,0.39960051874406927,0.32194254710915815,0.27735404662448765,5.128827324145479,10.582447971907303,0.3611111111111111,0.37142857142857144,0.6176470588235294,0,0.3665310475938286,2.381058324273328,8.008152168257718,0.2857142857142857,0.2,0.8461538461538461,0,0.5549164620138914,3.465687336201982,2.1650416416190494,0.5679012345679012,0.696969696969697,0.09803921568627451,0,0.40661042976254796,0.3447835125588388,0.29671475691564264,0.16470154901819528,0.7848179260787541,0.9214024447343341,0.8232004415366787,9.824388562681476,0.8698399698337365,0.911536698137292,1.037548039004221,0.6111111111111112,0.7857142857142857,0.6875000000000001,0.6660805654761189,14,18,0.375,0.6,0.4615384615384615,0.43858604470799545,10,16,0.8344064950942993,0.6002365350723267,0.7009770274162292,0.8929489254951477,0.8258656859397888,y_early_b2
8J1T_HKF,boltz_results_8J1T_HKF,5,0,0,0.7179076633141435,0.7148752428678748,0.7453149517558253,1.2024202532257666,2.2039049525921692,0.6901408450704225,0.7538461538461538,0.1694915254237288,0,0.6844355339799244,1.5284850846110172,1.9539662540118572,0.6129032258064516,0.5588235294117647,0.4864864864864865,0,0.7239725042066807,1.4285194690020548,2.1160653969927403,0.7058823529411765,0.7164179104477612,0.2727272727272727,0,0.7179076633141435,0.7148752428678748,0.6877524262358106,0.689873163357729,1.2915879040037308,0.9064662865757342,1.0219257346373252,2.0016197930505117,1.9582627383480733,2.9227134452311008,2.6120085073978894,0.8857142857142857,0.9117647058823529,0.8985507246376812,0.8767489712125568,34,35,0.8214285714285714,0.9583333333333334,0.8846153846153847,0.8703141984495104,24,28,0.8532045483589172,0.594219446182251,0.6979608535766602,0.9179508686065674,0.8990761637687683,baseline
8J1T_HKF,boltz_results_restraint_8J1T_HKF_hbond_198,5,0,0,0.7185497868193776,0.7158201223556035,0.7465799547177673,1.197873252130801,2.1664796865493128,0.6901408450704225,0.7538461538461538,0.1694915254237288,0,0.6850602899934399,1.5255125547503416,1.935425845643282,0.6129032258064516,0.5588235294117647,0.4864864864864865,0,0.7240091157469258,1.428489687107374,2.11415026342818,0.7058823529411765,0.7164179104477612,0.2727272727272727,0,0.7185497868193776,0.7158201223556035,0.6871103882886429,0.6893230632279586,1.291510795303989,0.903865232649511,1.0248419050730995,2.004160680758081,1.9583197552999647,2.9223469499234196,2.621922916486065,0.8857142857142857,0.9117647058823529,0.8985507246376812,0.8767489712125568,34,35,0.8214285714285714,0.9583333333333334,0.8846153846153847,0.8703141984495104,24,28,0.8490099310874939,0.5796313285827637,0.6858729124069214,0.9163545966148376,0.8961378335952759,contact_restraints
8J1T_HKF,boltz_results_restraint_8J1T_HKF_hbond_66,5,0,0,0.7250339317138326,0.733692910879058,0.7821567813256186,1.1310362324582772,1.6786835425457434,0.7464788732394366,0.7969924812030075,0.14516129032258066,0,0.6852290404324973,1.5459276860338582,1.7828767225599071,0.6129032258064516,0.59375,0.42424242424242425,0,0.7077159733833819,1.4137240484464555,2.020760166726988,0.6470588235294118,0.6984126984126984,0.2413793103448276,0,0.7250339317138326,0.733692910879058,0.6936785843219279,0.7014038112467912,1.2722191941412508,0.6233301184773871,1.0362801971374889,1.8711913924227608,2.0469779656758282,2.7991303033491683,2.723271944339249,0.9142857142857143,0.9411764705882353,0.9275362318840579,0.9120079472521995,34,35,0.7666666666666667,0.9583333333333334,0.8518518518518519,0.8352012780620338,24,30,0.885463535785675,0.7439179420471191,0.8065587282180786,0.9208499789237976,0.9046726822853088,y_early_b2
8OL9_BAH,boltz_results_8OL9_BAH,5,0,0,0.3268385708427094,0.19322344847046763,0.14544777322141014,6.693943001758875,14.894268743481438,0.14285714285714285,0.14035087719298245,0.8620689655172413,1,0.24099912371952514,3.173028357670748,19.09789945801323,0.375,0.2727272727272727,0.7857142857142857,0,0.5940688155871929,1.3725369187026462,2.4130073763430553,0.3125,0.43478260869565216,0.2857142857142857,1,0.3268385708427094,0.19322344847046763,0.29160285836700356,0.13925277481305093,1.0946194390129766,0.8425054227570218,1.3087983292138354,2.0031254628423,1.0033365355748247,0.6876804582477473,1.219869160750131,0.625,0.8333333333333334,0.7142857142857143,0.7046588790890229,12,16,0.7272727272727273,0.8888888888888888,0.7999999999999999,0.7955133051502125,9,11,0.9619199633598328,0.8862899541854858,0.9211437702178955,0.9808275103569031,0.9785616397857666,baseline
8OL9_BAH,boltz_results_restraint_8OL9_BAH_hbond_78,5,0,0,0.7053970820152689,0.7494199001810684,0.6829457885370195,1.56572321397151,4.45430733468259,0.7857142857142857,0.8301886792452831,0.12,0,0.8158940118251173,1.0099805409333606,4.781544664225268,1.0,0.9411764705882353,0.1111111111111111,0,0.6173514456836698,1.2246389947696632,2.2856531281431978,0.3194444444444444,0.45544554455445546,0.20689655172413793,1,0.7053970820152689,0.7494199001810684,0.5239680177767597,0.48427971694492583,1.0276241548250573,0.7075567389502228,1.0324150137390002,1.1892043762248519,0.7109175218958282,0.5477267428175607,1.0409454973889514,0.8461538461538461,0.9166666666666666,0.8799999999999999,0.8740200053736314,12,13,1.0,0.8888888888888888,0.9411764705882353,0.9407208683835974,9,8,0.933901309967041,0.7787514925003052,0.8470132350921631,0.9726887941360474,0.9583967924118042,contact_restraints
8OL9_BAH,boltz_results_restraint_to_A_8OL9_BAH_C_W_32,5,0,2,0.3295712848717293,0.1933042368428104,0.14923281815826436,6.731188225230069,14.43253791731805,0.14285714285714285,0.14285714285714285,0.8571428571428571,0,0.23737565552735643,3.176974053456032,19.858529547453685,0.375,0.2727272727272727,0.7857142857142857,0,0.6021053809295672,1.3573810394550292,2.202484933969821,0.3194444444444444,0.45098039215686275,0.23333333333333334,2,0.7053427097481922,0.7482387421766385,0.45282613749106027,0.37645691467610604,1.0700780265602265,0.8084627502195725,1.2221759081254435,2.031773699359072,0.9286543512088604,0.7119368292665724,1.1475750731787089,0.5625,0.75,0.6428571428571429,0.6278943643279282,12,16,0.8,0.8888888888888888,0.8421052631578948,0.8367027121812314,9,10,0.9690518379211426,0.9203205108642578,0.9450185298919678,0.9812346696853638,0.9798589944839478,pocket_guided
8OL9_BAH,boltz_results_restraint_8OL9_BAH_hbond_242,5,0,0,0.7176043443994389,0.7743898237924074,0.7017047253321665,1.4866732193466075,3.5615771384411605,0.75,0.8076923076923077,0.125,0,0.8470749222526482,0.961879625542589,3.811199557319834,1.0,0.9411764705882353,0.1111111111111111,0,0.6040333856135017,1.2499052246035787,2.568255550020696,0.3055555555555556,0.43349753694581283,0.2542372881355932,0,0.7176043443994389,0.7743898237924074,0.6922817545138741,0.7337324322811776,1.055676024712801,0.8678484704985545,1.1667974209386087,1.287376973948936,0.8714949756626772,0.6183097227045773,1.3313540872663139,0.8461538461538461,0.9166666666666666,0.8799999999999999,0.8740200053736314,12,13,1.0,0.8888888888888888,0.9411764705882353,0.9407208683835974,9,8,0.9371749758720398,0.7968562841415405,0.8587904572486877,0.9722546339035034,0.9570003747940063,y_early_b2
8OXW_BCA,boltz_results_8OXW_BCA,5,0,1,0.21865319644020878,0.010504102679383317,0.00808845432052321,17.36362896848053,64.91215247102912,0.0,0.0,1.0,0,0.012919751038243422,19.26801679125266,46.20443874565664,0.0,0.0,1.0,1,0.6349513839618597,1.2551399005776795,1.185779877145048,0.3357664233576642,0.467005076142132,0.23333333333333334,0,0.22243648390035933,0.010313282152725102,0.21908179520731902,0.010169846853257248,0.780574495641851,0.9874506862740398,0.5960245942709644,2.861365494346634,0.5644968869646111,0.8210522713215436,0.9423162519990101,0.07142857142857142,0.037037037037037035,0.04878048780487805,0.024052381217724125,27,14,0.0,0.0,0.0,-0.015458970652051127,22,5,0.8152405619621277,0.40007248520851135,0.8005828261375427,0.919032633304596,0.8896554112434387,baseline
8OXW_BCA,boltz_results_restraint_8OXW_BCA_salt_bridge_1,5,0,0,0.3558509528254992,0.22465753295228785,0.19969347161239082,5.318245057928558,18.430566432117843,0.35,0.345679012345679,0.6585365853658537,2,0.24962159429218492,4.9102885260066325,14.955498024632035,0.41935483870967744,0.52,0.3157894736842105,1,0.618237792571922,1.4122830871814915,1.1651901099527773,0.34306569343065696,0.46766169154228854,0.265625,0,0.3558509528254992,0.22465753295228785,0.27322814006437984,0.09859629730836592,0.7239986807095583,1.0897625964858404,0.34423797142464124,3.379027734141269,0.8883631817192306,0.6685578486611815,1.1202657903787105,0.5833333333333334,0.5185185185185185,0.5490196078431373,0.5328216629534073,27,24,0.8461538461538461,0.5,0.6285714285714286,0.6422610859402512,22,13,0.8328520059585571,0.48751628398895264,0.8303654789924622,0.9191858768463135,0.8910654783248901,contact_restraints
8OXW_BCA,boltz_results_restraint_8OXW_BCA_hbond_698,5,0,3,0.3786639908815923,0.2632744984876552,0.2604170242890019,4.29352209742483,13.889341393720091,0.4,0.3855421686746988,0.627906976744186,0,0.26613197268630856,4.3074981070778655,11.964926308128641,0.3548387096774194,0.44,0.42105263157894735,0,0.6094429756694666,1.4589825540991936,1.4583860855139563,0.34306569343065696,0.46078431372549017,0.29850746268656714,0,0.4331869982845132,0.3406191995858665,0.37511070590397605,0.25348007738366946,0.7725156837418944,1.3202736122708036,0.6086838196689833,3.445108453086723,0.944587187521858,0.7137761560207646,1.2364372614428787,0.5357142857142857,0.5555555555555556,0.5454545454545454,0.5267443115502417,27,28,0.8461538461538461,0.5,0.6285714285714286,0.6422610859402512,22,13,0.85731440782547,0.6029838919639587,0.8616079092025757,0.9208970665931702,0.8884290456771851,y_early_b2
8OXX_BCA,boltz_results_8OXX_BCA,5,0,1,0.2178044389957757,0.013639424851441984,0.01760398088136607,11.204609019008615,44.49711347975535,0.0,0.0,1.0,1,0.0096748688215179,14.505124083387884,62.008560654640476,0.0,0.0,1.0,0,0.6261344672844431,1.2768840452742363,1.420953625480493,0.32575757575757575,0.4479166666666667,0.2833333333333333,0,0.2306485710193582,0.017784089269456772,0.21959732201014673,0.009784967010229292,0.7371972914518513,1.329820609117566,0.630698083133405,2.9953061475415446,0.8684224874987369,0.9019575580472824,0.9595221288825356,0.07407407407407407,0.11764705882352941,0.0909090909090909,0.04913022706681448,17,27,0.0,0.0,0.0,-0.03914301584547441,15,20,0.8308789134025574,0.4538390636444092,0.7637885808944702,0.9251388907432556,0.8725922703742981,baseline
8OXX_BCA,boltz_results_restraint_8OXX_BCA_hbond_406,5,0,0,0.2660104478280681,0.08343418853657092,0.0557086976074492,5.477300837001321,31.274001764970272,0.02857142857142857,0.04,0.9333333333333333,1,0.11115967946569265,4.269111238966557,22.63495972629683,0.1,0.05714285714285714,0.96,0,0.6311629664110625,1.293344061578117,1.2448785491567669,0.3409090909090909,0.45685279187817257,0.3076923076923077,1,0.2660104478280681,0.08343418853657092,0.23971031124900688,0.042366112178622864,0.6758485827972028,1.1294966269154931,0.5686328250496983,3.02968930372738,0.8623148187035139,0.9435280289010514,1.048127862192393,0.17391304347826086,0.23529411764705882,0.19999999999999998,0.16654723431033258,17,23,0.1111111111111111,0.2,0.14285714285714285,0.11037053568844755,15,27,0.8126945495605469,0.4360419809818268,0.739984929561615,0.9068577289581299,0.8790549039840698,contact_restraints
8OXX_BCA,boltz_results_restraint_to_A_8OXX_BCA_B_W_53,5,0,3,0.21732576659733274,0.013633647789965111,0.01761101114810343,11.182130692001236,44.52892340053896,0.0,0.0,1.0,1,0.00965628443182679,14.516209383980286,62.0767803623565,0.0,0.0,1.0,0,0.624710004212068,1.2902408452530294,1.3991713164435386,0.32575757575757575,0.450261780104712,0.2711864406779661,0,0.24695939369472006,0.051627260301965176,0.22501987629472367,0.018892223027041233,0.7492720973754334,1.3236030402806997,0.6465026183576001,3.0162494532258908,0.8680487899361463,0.910296382184096,0.9773090904988596,0.07407407407407407,0.11764705882352941,0.0909090909090909,0.04913022706681448,17,27,0.0,0.0,0.0,-0.038108611884695276,15,19,0.8285903930664062,0.45660221576690674,0.7668783664703369,0.9215874671936035,0.8659458756446838,pocket_guided
8OXX_BCA,boltz_results_restraint_8OXX_BCA_hbond_205,5,0,0,0.42367615341324005,0.3208764714407918,0.2808781090207167,3.273250927850208,15.104841673959688,0.42857142857142855,0.37037037037037035,0.6739130434782609,0,0.3608748338608669,3.228428227479586,12.828661076303067,0.6,0.6666666666666666,0.25,0,0.6292755173581366,1.320171464697392,2.0401045891781138,0.3787878787878788,0.5050505050505051,0.24242424242424243,0,0.42367615341324005,0.3208764714407918,0.4013154584589427,0.2928197418445058,0.6841572812143503,1.2716299625149483,0.5326100031821543,3.5071522243240114,0.5253733320057338,0.6952797977006524,0.7350183500390559,0.5,0.7647058823529411,0.6046511627906976,0.6007518112548771,17,26,0.8571428571428571,0.8,0.8275862068965518,0.8225029018893366,15,14,0.8975027203559875,0.7797887921333313,0.8923879861831665,0.9269312024116516,0.8867709636688232,y_early_b2
8PE9_HLA,boltz_results_8PE9_HLA,5,0,4,0.21025111337132177,0.03245870238148694,0.03279259792865106,16.093606941418983,27.067046384856994,0.0,0.0,1.0,0,0.03212480683432282,17.216465947828265,27.221379547412464,0.0,0.0,1.0,0,0.5658359353509914,1.6743527178237143,2.640518267426319,0.3402777777777778,0.48756218905472637,0.14035087719298245,0,0.22612868695340546,0.04847452114769353,0.21489135865845216,0.03855681504227613,1.0425304749424118,3.4941843641749246,2.5710245097348396,3.842321841912182,0.9074218571238158,0.881444015467049,2.3975639458677316,0.0,0.0,0.0,-0.13887019815473134,17,29,0.0,0.0,0.0,-0.11144328258794467,16,21,0.9280917048454285,0.8404568433761597,0.8834981918334961,0.9500004649162292,0.9391814470291138,baseline
8PE9_HLA,boltz_results_restraint_8PE9_HLA_hydrophobic_30,5,0,2,0.24009753563080286,0.06426050290702734,0.03930707930120702,12.564054876144697,24.966865933297477,0.0,0.0,1.0,0,0.08921392651284767,10.220053179091087,24.98977687180657,0.14285714285714285,0.20833333333333334,0.6153846153846154,1,0.5917716010783539,1.4909205493359807,2.5385153878033657,0.3541666666666667,0.5024630541871922,0.13559322033898305,0,0.27352869030979154,0.09934776217745526,0.2390236203127961,0.06278697994463386,1.0318731834857986,3.451003171005622,2.4596108216886816,2.7071219484201667,0.9546975303977194,0.951943236348904,3.12095585985527,0.2,0.29411764705882354,0.2380952380952381,0.146763826882314,17,25,0.17391304347826086,0.25,0.20512820512820512,0.11608049393691143,16,23,0.8674532771110535,0.702126145362854,0.7765169739723206,0.9087851047515869,0.8841239809989929,contact_restraints
8PE9_HLA,boltz_results_restraint_to_A_8PE9_HLA_C_F_51,5,0,2,0.2122812280248755,0.03270922432306128,0.03294423826082666,16.08616767895114,26.993270904192823,0.0,0.0,1.0,1,0.032474210385295896,17.146089842747216,27.056797898125343,0.0,0.0,1.0,0,0.571425235428504,1.643522593549591,2.5140053217187965,0.3402777777777778,0.48756218905472637,0.14035087719298245,0,0.22721978568393084,0.04191188153570028,0.2199210610349475,0.040773871053151715,1.0020944437100683,3.42488536740628,2.4574705357080546,3.8002147814599985,0.9456644061729744,0.8839855951510577,2.415960291043823,0.0,0.0,0.0,-0.13601399073003537,17,28,0.0,0.0,0.0,-0.11144328258794467,16,21,0.9253692030906677,0.8292343616485596,0.8762382864952087,0.9494028687477112,0.9378424286842346,pocket_guided
8PE9_HLA,boltz_results_restraint_8PE9_HLA_hydrophobic_0,5,0,2,0.278975034214034,0.13947666293192895,0.11940383920178278,5.026753722672801,15.044836078665949,0.034482758620689655,0.044444444444444446,0.9375,0,0.1595494866620751,5.131243486031629,15.618989826232818,0.17142857142857143,0.21818181818181817,0.7,0,0.5579717767782442,1.6821870703887898,2.532298453438655,0.3125,0.45226130653266333,0.18181818181818182,0,0.2862700721132626,0.15084762716546124,0.25375036191521066,0.09807553811774114,1.022047650941733,3.4469779695088794,2.40210994864516,3.764402273147411,1.0077588422731338,0.9101659354607516,3.246628358662497,0.5,0.4117647058823529,0.45161290322580644,0.4036439370878514,17,14,0.4444444444444444,0.25,0.32,0.28745060054341565,16,9,0.861722469329834,0.6279945969581604,0.7209302186965942,0.9201544523239136,0.8935372233390808,y_early_b2
8SLB_HLA,boltz_results_8SLB_HLA,5,0,0,0.2658857210214641,0.07541430539291044,0.10148482332164564,6.793411893622386,24.338046137347465,0.14925373134328357,0.15873015873015872,0.8305084745762712,0,0.049343787464175226,6.558331176323,25.740860682535775,0.0,0.0,1.0,0,0.6468285522785715,1.3113955899478085,1.786370364220082,0.416,0.5621621621621622,0.13333333333333333,0,0.2658857210214641,0.07541430539291044,0.24411377717648106,0.053862800308761685,0.7875629843745363,1.676113886945267,1.2488700854274148,6.596390482908414,0.9938977959044463,0.533891615302057,0.47205295920841994,0.7096774193548387,0.5641025641025641,0.6285714285714286,0.5761927852879425,39,31,0.6470588235294118,0.5238095238095238,0.5789473684210527,0.5494269546702462,21,17,0.8335307240486145,0.5311793684959412,0.6598365306854248,0.9091185331344604,0.871283233165741,baseline
8SLB_HLA,boltz_results_restraint_8SLB_HLA_hbond_176,5,0,1,0.45150709132743244,0.3450369906691977,0.3862353657184543,2.9025694001444045,6.041772749262087,0.2835820895522388,0.31932773109243695,0.6346153846153846,1,0.30383861561994113,2.8655900581807625,7.251065450376969,0.11764705882352941,0.17777777777777778,0.6363636363636364,1,0.6644472926439019,1.0849733081913973,2.353002531977626,0.408,0.5483870967741935,0.16393442622950818,1,0.46426225960017503,0.3489574507353489,0.35844626261750423,0.2037957633255433,0.741758574686107,1.1043547727835206,2.247004234194601,5.185069104678706,1.007573128410812,0.372595605477047,0.4917747722872897,0.8518518518518519,0.5897435897435898,0.6969696969696971,0.6687542802965345,39,27,0.75,0.5714285714285714,0.6486486486486486,0.6287204511117301,21,16,0.8825211524963379,0.7643184065818787,0.8288484215736389,0.9120718836784363,0.8698212504386902,contact_restraints
8SLB_HLA,boltz_results_restraint_to_A_8SLB_HLA_C_Y_93,5,0,0,0.48908266119665517,0.4050962072375275,0.4126311049707367,2.8477250514876027,5.865567661041257,0.34328358208955223,0.37398373983739835,0.5892857142857143,1,0.3975613095043182,2.3015375205413564,5.715062238901876,0.20588235294117646,0.2978723404255319,0.46153846153846156,0,0.6570555691149105,1.0816353755930799,2.345225133888905,0.384,0.518918918918919,0.2,0,0.48908266119665517,0.4050962072375275,0.32650462099941546,0.16636946064197217,0.7182758799663531,0.9997306170155471,1.0578863099142428,5.186689949295936,1.0917281457392316,0.5026703757334506,0.5197861913601803,0.8387096774193549,0.6666666666666666,0.7428571428571428,0.7093091843067821,39,31,0.7333333333333333,0.5238095238095238,0.611111111111111,0.5923585533420913,21,15,0.8644346594810486,0.6847595572471619,0.7788050174713135,0.9093533754348755,0.8664272427558899,pocket_guided
8SLB_HLA,boltz_results_restraint_8SLB_HLA_salt_bridge_0,5,0,3,0.5894608895961753,0.5554792226027898,0.5512470852230833,2.0670886627793497,3.41470964123882,0.44776119402985076,0.4838709677419355,0.47368421052631576,0,0.5597113599824963,1.4934400145945481,4.708766588467027,0.4117647058823529,0.5714285714285714,0.06666666666666667,0,0.657424223582946,1.2455760527920783,1.814970770853149,0.424,0.5435897435897435,0.24285714285714285,0,0.6185859530304899,0.6159200578806243,0.4903376180427995,0.4106952471054729,0.6880210839350387,0.651120461640279,0.8487403411960003,4.0696446299450635,0.8110780442482761,0.3915660893366842,0.5479167286665678,0.875,0.717948717948718,0.7887323943661971,0.7603735812517072,39,32,0.7,0.6666666666666666,0.6829268292682926,0.6558063023333899,21,20,0.8734254240989685,0.7422322034835815,0.8072137832641602,0.906223714351654,0.8633349537849426,y_early_b2
8T9Z_HLA,boltz_results_8T9Z_HLA,5,0,3,0.2379009909434088,0.007978942749994954,0.00921346194936349,18.896785703090792,57.50872481874695,0.0,0.0,1.0,0,0.006744423550626418,25.432481950314564,65.09132131844697,0.0,0.0,1.0,0,0.6977450873302365,0.9677545976602817,1.2312166556305935,0.4076923076923077,0.5578947368421052,0.11666666666666667,0,0.2439477728739713,0.009827673562540279,0.24212681996519883,0.008579361858123887,0.538675730308193,0.6940762614177027,0.4413064870306974,2.586193168784103,0.44430417363349906,1.0655345191213037,0.551586090859354,0.0,0.0,0.0,-0.05269107718006804,27,16,0.0,0.0,0.0,-0.03253161299720705,19,9,0.8149681091308594,0.5582905411720276,0.7347334027290344,0.8791374564170837,0.8768775463104248,baseline
8T9Z_HLA,boltz_results_restraint_8T9Z_HLA_salt_bridge_4,5,0,1,0.2529319503517093,0.029116794555507048,0.044960933274393704,12.821703337759642,22.868811621313284,0.0,0.0,1.0,0,0.01327265583662039,19.758687293739364,45.24687077719856,0.0,0.0,1.0,0,0.7005622619441138,0.9136109559500138,0.9500520501464311,0.38461538461538464,0.5405405405405406,0.09090909090909091,0,0.26201919753499775,0.042357714964687376,0.2525736180215068,0.026780919879747633,0.5120849875615996,0.47880279058000924,0.5595664034032755,2.4455708296723304,0.4735122885815649,1.069028857569569,0.6635675660298233,0.4117647058823529,0.25925925925925924,0.3181818181818182,0.2906229835387323,27,17,0.36363636363636365,0.21052631578947367,0.26666666666666666,0.25099616464304864,19,11,0.7697665095329285,0.4124942719936371,0.6793870329856873,0.8590846061706543,0.8632571697235107,contact_restraints
8T9Z_HLA,boltz_results_restraint_to_A_8T9Z_HLA_C_I_31,5,0,3,0.23973028452454812,0.007200978989642122,0.005731490707505793,23.01023298921564,74.17099408955764,0.0,0.0,1.0,1,0.00867046727177845,19.4730718478406,59.329403914150454,0.0,0.0,1.0,0,0.7047888955943601,0.9060509537851258,0.880578571305963,0.3923076923076923,0.5454545454545454,0.10526315789473684,0,0.24283333265997498,0.009902529667834429,0.23973791842822978,0.0074222812631928176,0.5398776633143476,0.7733230438946399,0.6633470314309677,2.3590863992786786,0.7686540659457527,1.1599305006191316,0.6051610060937279,0.0,0.0,0.0,-0.06373452071269887,27,23,0.0,0.0,0.0,-0.04515642584140491,19,17,0.8225264549255371,0.6765874624252319,0.7934704422950745,0.8590112328529358,0.8160611391067505,pocket_guided
8T9Z_HLA,boltz_results_restraint_8T9Z_HLA_hbond_462,5,0,0,0.36595815086122324,0.19419810519141342,0.17062923811644717,6.230697912054056,10.31393070034876,0.05263157894736842,0.04878048780487805,0.9545454545454546,0,0.21776697226637967,5.632438827162141,8.624417257017743,0.09433962264150944,0.10752688172043011,0.875,0,0.7094782422008429,0.8633229165984682,0.7314595386411651,0.38461538461538464,0.5376344086021505,0.10714285714285714,0,0.36595815086122324,0.19419810519141342,0.28904921059590205,0.0784229007204961,0.5005533420835805,0.593881789502723,0.4418500888545472,2.1394257846991525,0.41285819428296266,1.126598898616221,0.7146926488827441,0.19230769230769232,0.18518518518518517,0.18867924528301885,0.13352837301040812,27,26,0.1111111111111111,0.10526315789473684,0.10810810810810811,0.06665707273637686,19,18,0.8319963812828064,0.7015585899353027,0.8023088574409485,0.8646057844161987,0.8604414463043213,y_early_b2
8TFR_ABC,boltz_results_8TFR_ABC,5,0,4,0.23001911012114948,0.006308841305846288,0.0059681508270962615,20.949997455983624,74.63538801849133,0.0,0.0,1.0,2,0.006649531784596316,18.01282645995852,73.88605649449723,0.0,0.0,0.0,0,0.6774396477517558,1.0523219736608795,1.3235715995083515,0.3858267716535433,0.5268817204301075,0.1694915254237288,0,0.23227291091404487,0.006221410075678162,0.22633305727382438,0.006700911889277433,0.8779091348118511,2.062913942835013,0.7741473546749011,1.559361622040348,2.4294221871168515,0.5361531018978201,1.4788318684173447,0.8888888888888888,0.8888888888888888,0.8888888888888888,0.8362573099415205,18,18,1.0,0.7142857142857143,0.8333333333333333,0.8075728530872482,14,10,0.9292693138122559,0.8578990697860718,0.9070572853088379,0.9471118450164795,0.9235203862190247,baseline
8TRS_AGD,boltz_results_8TRS_AGD,5,0,3,0.23719289852466718,0.03671519836938358,0.05928077273888918,11.448322913373481,47.89850647059415,0.13043478260869565,0.09836065573770492,0.9210526315789473,0,0.014149623999877967,14.156521964427471,47.250838229418044,0.0,0.0,1.0,0,0.6381482988352344,1.169390457098868,1.7045997934638883,0.33112582781456956,0.49261083743842365,0.038461538461538464,0,0.3250614802854627,0.15792677301102398,0.26738327614393,0.08209096251086322,0.8559212060716683,0.8777440478716991,1.5052753214873185,0.824121240989212,0.9040341359139844,0.9000212513338584,2.5417944718875187,0.48148148148148145,0.5416666666666666,0.5098039215686274,0.3928768130424744,24,27,0.4666666666666667,0.4666666666666667,0.4666666666666667,0.39770114942528734,15,15,0.8966767191886902,0.9113113880157471,0.9352099895477295,0.8930180668830872,0.8636158108711243,baseline
8TRS_AGD,boltz_results_restraint_8TRS_AGD_hydrophobic_2,5,0,0,0.5298450687098123,0.4867378899611847,0.5849653381709591,1.6410067180698205,6.881870692575939,0.6956521739130435,0.5614035087719298,0.5294117647058824,0,0.3885104417514104,2.281540415567069,5.861908882773628,0.18604651162790697,0.25806451612903225,0.5789473684210527,0,0.6160594262070674,1.2675215036970784,1.8769588895829556,0.31125827814569534,0.4723618090452261,0.020833333333333332,0,0.5298450687098123,0.4867378899611847,0.33156238438246005,0.17621622752233543,0.8392769942752526,1.0078161007847013,1.4001355762112377,0.7521710721541686,0.9936269733654468,0.9624698726017593,3.1426659514646924,0.8695652173913043,0.8333333333333334,0.851063829787234,0.8187988593237281,24,23,0.9285714285714286,0.8666666666666667,0.896551724137931,0.88435825662174,15,14,0.8750452399253845,0.8702263832092285,0.9086019396781921,0.8762498497962952,0.8519792556762695,contact_restraints
8TRS_AGD,boltz_results_restraint_to_A_8TRS_AGD_B_Y_55,5,0,2,0.23686466622450342,0.036677601168329785,0.05923460822502355,11.449381796566604,48.008447423075836,0.13043478260869565,0.0967741935483871,0.9230769230769231,0,0.01412059411163602,14.159411192966934,47.315240877781854,0.0,0.0,1.0,1,0.6372387963368507,1.174444575217308,1.7205516206454698,0.33112582781456956,0.49261083743842365,0.038461538461538464,0,0.32066963055255376,0.15406487036940641,0.2621465655266003,0.07616340861272006,0.8539953403486911,0.8663427060781042,1.5230034187072918,0.8327415299870138,0.9296169215984752,0.8858868235571423,2.5752879441439207,0.48148148148148145,0.5416666666666666,0.5098039215686274,0.3928768130424744,24,27,0.4666666666666667,0.4666666666666667,0.4666666666666667,0.39770114942528734,15,15,0.8958697319030762,0.911830723285675,0.9355477094650269,0.8918794989585876,0.8628308176994324,pocket_guided
8TRS_AGD,boltz_results_restraint_8TRS_AGD_hbond_41,5,0,2,0.6020948417729799,0.5769551852686703,0.6530916970046993,1.3675677504823687,6.505898058183487,0.782608695652174,0.72,0.3333333333333333,0,0.5008186735326414,2.0350588281845754,5.451317144418593,0.4418604651162791,0.5428571428571428,0.2962962962962963,0,0.6523741547815992,1.0639134328442024,1.3904692051152219,0.31788079470198677,0.47761194029850745,0.04,0,0.6034268908322972,0.5750646763682279,0.5626913022558153,0.5207671971822176,0.8209348934034302,1.0234635379865349,1.1343034534127703,0.7668239158934295,0.8548760131357456,0.9212989977463558,2.1230079167355713,0.9090909090909091,0.8333333333333334,0.8695652173913043,0.8430233058718636,24,22,0.9230769230769231,0.8,0.8571428571428571,0.8428429069553665,15,13,0.8862412571907043,0.8616427183151245,0.9023662209510803,0.8923909068107605,0.870987594127655,y_early_b2
8X0T_HLA,boltz_results_8X0T_HLA,5,0,2,0.21020826356187208,0.05095594661963321,0.02734989705484255,9.859991049254523,33.8152720442165,0.0,0.0,1.0,0,0.07456199618442387,11.825505152032653,31.50522900151696,0.14,0.18421052631578946,0.7307692307692307,0,0.5287128974463499,1.7628039478866415,3.7107555465261006,0.3262411347517731,0.4339622641509434,0.352112676056338,3,0.2341527667277721,0.058492286229093714,0.22283985589712102,0.051374637203417374,0.8968681121557293,1.0913832154121799,1.323484760246447,5.188457493222983,3.5153069332384437,0.6363965969226338,1.4028797280868965,0.875,0.5833333333333334,0.7000000000000001,0.6613662031291424,24,16,0.6666666666666666,0.4444444444444444,0.5333333333333333,0.48172408780899634,18,12,0.9161118865013123,0.8627301454544067,0.8985116481781006,0.9294572472572327,0.898682713508606,baseline
8X0T_HLA,boltz_results_restraint_8X0T_HLA_hbond_298,5,0,2,0.22426637966067187,0.04499855449975857,0.024191448244674518,9.854585270163094,37.07794353869728,0.0,0.0,1.0,1,0.06580566075484262,9.802308617020572,35.39154117829273,0.12,0.1643835616438356,0.7391304347826086,0,0.5828020299824984,1.4922729964781227,3.0772589400567867,0.3617021276595745,0.4788732394366197,0.2916666666666667,2,0.23361675995260275,0.04866859826755302,0.22036830354883702,0.04759098454037992,0.8759990430524024,1.0369772500805412,1.1861908459734596,4.1456043345815745,3.319108764012357,0.8581723727653272,1.134648329550525,0.8333333333333334,0.625,0.7142857142857143,0.6645588312255022,24,18,0.5384615384615384,0.3888888888888889,0.45161290322580644,0.3784471806287327,18,13,0.8951643109321594,0.7405564785003662,0.8229032754898071,0.9338163137435913,0.9036918878555298,contact_restraints
8X0T_HLA,boltz_results_restraint_to_A_8X0T_HLA_C_L_65,5,0,3,0.21769464575883868,0.051485619809776645,0.02841047050651325,9.683299110019004,33.11923680442158,0.0,0.0,1.0,0,0.07456076911304003,11.891889129349135,31.463002284212237,0.14,0.1686746987951807,0.7878787878787878,0,0.5501126976569627,1.6436546141060948,3.1863454406454568,0.3191489361702128,0.43902439024390244,0.296875,0,0.23367167250163076,0.058393675282547575,0.2253151164180694,0.05332039907809934,0.9050084705852782,1.1524676087528813,1.3024120089124067,4.3072457039737575,3.5768957745245955,0.5599641685725105,1.307200987282499,0.8333333333333334,0.625,0.7142857142857143,0.6645588312255022,24,18,0.6666666666666666,0.4444444444444444,0.5333333333333333,0.48172408780899634,18,12,0.926546037197113,0.8941076993942261,0.9211611747741699,0.9346555471420288,0.906023383140564,pocket_guided
8X0T_HLA,boltz_results_restraint_8X0T_HLA_hydrophobic_19,5,0,0,0.23461367814510511,0.05220471035707687,0.03761738623060574,9.023553946199677,27.717055597980345,0.0,0.0,1.0,0,0.066792034483548,12.316396749085536,27.75272557636487,0.1,0.13513513513513514,0.7916666666666666,0,0.5994316137211616,1.512302193840004,1.9954120987801518,0.3546099290780142,0.4854368932038835,0.23076923076923078,0,0.23461367814510511,0.05220471035707687,0.2287820358283636,0.054630337841914754,0.901941807818665,0.9922491319098039,1.3687275783081096,3.272558806871922,3.7112156376659033,1.2382645458865467,0.8726337010992508,1.0,0.7083333333333334,0.8292682926829268,0.8122328620674137,24,17,0.8333333333333334,0.5555555555555556,0.6666666666666667,0.6374989966385359,18,12,0.9194332361221313,0.8422584533691406,0.8863028287887573,0.9387269616127014,0.9176636338233948,y_early_b2
